:020000040800F2
:10000000800D0020C1010008133D00080B350008D9
:10001000113D00089F15000855420008000000002F
:100020000000000000000000000000006540000823
:10003000A115000800000000353D000867400008D9
:10004000DB010008DB010008DB010008793E000845
:10005000DB010008DB010008DB010008DB01000810
:10006000DB010008DB010008DB010008DB01000800
:10007000DB010008DB010008DB010008DB010008F0
:10008000DB010008DB010008DB010008DB010008E0
:10009000DB010008DB010008DB010008DB010008D0
:1000A000DB010008D5400008DB010008DB01000887
:1000B000DB010008DB010008DB010008DB010008B0
:1000C000DB010008DB010008DB010008DB010008A0
:1000D000DB010008DB010008DB010008DB01000890
:1000E000DB010008DB010008DB01000800F002F87A
:1000F00000F056F80AA090E8000C82448344AAF16C
:100100000107DA4501D100F04BF8AFF2090EBAE869
:100110000F0013F0010F18BFFB1A43F0010318473B
:10012000E8AF000008B00000103A24BF78C878C1DA
:10013000FAD8520724BF30C830C144BF04680C60ED
:10014000704700000023002400250026103A28BF35
:1001500078C1FBD8520728BF30C148BF0B60704739
:10016000662908F0F281692900F0C280642900F054
:10017000BF80752900F0BC80782900F0F5807329D4
:1001800000F0CB84002070471FB500F0CBFC0400CA
:100190000020002107F0E4FEE0601FBD10B510BD97
:1001A00000F0C0FD1146FFF7EFFF06F0D7FF00F0AB
:1001B000DEFD03B4FFF7F2FF03BC00F021FE0000F8
:1001C0000948804709480047FEE7FEE7FEE7FEE7EB
:1001D000FEE7FEE7FEE7FEE7FEE7FEE70448054927
:1001E000054A064B70470000D3400008ED000008A8
:1001F00080070020800D0020800900208009002059
:10020000B2F120030AD5C2F1200320FA02F001FA6C
:1002100003F321FA02F140EA0300704721FA03F0E8
:100220004FF00001704700000FB41CB5074B06AA41
:100230007B4469460090059800F045FC0020694623
:1002400000F054FC1CBC5DF814FB0000B908000071
:1002500070B5044685690068C10601D5302600E006
:100260002026C00707D070BDD4E901213046904751
:10027000206A401C20626D1EF6D570BD70B5044624
:1002800085690078C00707D170BDD4E9012120201D
:100290009047206A401C20626D1EF6D570BD70B577
:1002A0000C460546012A05D02878800600D5EA6963
:1002B000002302E0012305E05B1C934202D2E05CD4
:1002C0000028F9D1A869E618C01AA861286A18445C
:1002D00028622846FFF7BCFF04E0D5E9012114F8A5
:1002E000010B9047B442F8D32846FFF7C7FF70BD13
:1002F0002DE9F0410646002410687529314616A5FF
:1003000010D0AFF30080002802DA404213A507E0C6
:1003100031688A0701D512A502E0490704D511A565
:10032000012401E0AFF3008000210A2206F1240736
:1003300009E0B0FBF2FCB0FBF2F302FB1C00303032
:1003400078541846491C0028F3D123462A463046E3
:10035000BDE8F04100F049B9000000002D000000A8
:100360002B0000002000000070B504460D46214619
:100370001068AFF300802188090502D50F4A7A443E
:1003800002E00E4A7A440E32002104F1240305E013
:1003900000F00F060009965D5E54491C0028F7D155
:1003A00020780023000704D5702D02D009B1022364
:1003B00011322046BDE8704000F017B9C2AB000012
:1003C0002DE9F05F894604464FF0000ADFF824B1BA
:1003D000FB44C0F820A02046E168884700287DD073
:1003E000252806D0D4E901219047206A401C2062CC
:1003F000F1E700255F462046E16888472028064649
:1004000007DB312E05D2B81910F8200C08B10543CE
:10041000F1E7A80701D525F00405C4F81CA00027C2
:10042000C4F818A02A2E09D0304604F01DF838B3BD
:1004300004EB8708303EC8F8186019E059F8041B2F
:10044000204604EB87029161E1688847012F064648
:1004500018D1E069002820DA25F020051DE0D8F841
:10046000180000EB800006EB40003038C8F8180098
:100470002046E1688847064603F0F6FF0028EED1E3
:10048000012F0AD02E2E08D12046E16888477F1C14
:100490000646022F45F02005C4DBA069002803DAD8
:1004A000404245F00105A061E80701D025F01005A4
:1004B000A6B1A6F14100192802D8203645F40065FE
:1004C0004A463146204625604D46FFF749FE60B159
:1004D000012807D0ED1D25F0070000E007E000F13E
:1004E000080978E705F1040975E730467AE7206ADC
:1004F000BDE8F09F98AB000040EA0103024630B52A
:100500009B0710D14FF0013400E008C208C91D1B41
:100510009D4315EAC41FF8D013F0FF0102F8011B38
:100520000DD01B0AF8E711F8013B002B02F8013B44
:1005300005D011F8013B002B02F8013BF3D130BD8F
:1005400010B5431C02E010F8011B71B18107FAD10C
:100550004FF0013202C88C1A8C4314EAC211F9D050
:10056000C01A0A0603D0C01E10BDC01A10BD0A046E
:1005700001D0801E10BD0902FCD0401E10BD421EDD
:1005800012F8013F002BFBD111F8013B002B02F8C0
:10059000013BF9D170474FF0000200B51346944675
:1005A0009646203922BFA0E80C50A0E80C50B1F1CB
:1005B0002001BFF4F7AF090728BFA0E80C5048BFDF
:1005C0000CC05DF804EB890028BF40F8042B08BF7D
:1005D000704748BF20F8022B11F0804F18BF00F879
:1005E000012B70477047704770472DE9F0470D4663
:1005F00099469246044600F124080168880604D50D
:10060000E06921F01001216000E00120A84201DD35
:10061000471B00E00027A1697A1902EB0900081ABC
:10062000A0612078C00602D42046FFF711FE002604
:1006300008E0D4E901211AF806009047206A401C1E
:10064000761C20624E45F4DB2078C0060AD5204691
:10065000FFF7FEFD06E0D4E9012130209047206A33
:10066000401C2062381EA7F10107F4DC07E0D4E942
:10067000012118F805009047206A401C2062281EBE
:10068000A5F10105F3DC2046FFF7F8FD2078000610
:1006900002D50220BDE8F0870120FBE770472DE975
:1006A000FF4F0C461E464FF0FF378BB0D2E90001DA
:1006B000DDF860800A908A46C1F30A5505B93D46C7
:1006C000002108464FF00000BAF1000F00F440008E
:1006D00005DA00EB80004FF4400101EA50004FEAD8
:1006E0009059B9F1010F00DDB9460A9850EA4A0065
:1006F0000ED044F61050A5F2FF3545432F14B8F143
:10070000000F1ED07542291E1EDDC9F100021CE03B
:10071000B8F1010F4FF0000001D0302103E0F243A7
:1007200005E02154401CB042FBDB30460022002192
:1007300021540B99C1F80880C1E900200FB0BDE831
:10074000F08FBD1B6D1CDEE74A4600DA694206A841
:1007500000F072FA06AB93E8070003AB83E80700EA
:1007600050460A9900F053FB8DE80700A0F50050B1
:100770001F3800900398002D0ADD42F21F014A46FF
:100780000844002303A90390684600F0BCFD09E07B
:10079000A0F500504A461F38002303A9039068467D
:1007A00000F0C6FD8DE807000004000C03D04FF0F8
:1007B000FF30410800E01046B8F1000F03D00022DE
:1007C000009215461EE0751E05D400F0AFF93032D8
:1007D00062556D1EF9D5B3460122084302D00022AE
:1007E0007F1C04E02078302801D100227F1E002ADF
:1007F000099784D01DE0112D07DA00F097F9303207
:1008000062556D1C50EA0102F5D1084302D00098F0
:10081000C8B10EE00021681E05E0235C625C6354F1
:100820002254401E491C8142F7DBAB46A81B401EE8
:100830000990002004F80B000B98099AC0F8088072
:10084000C0E9002B7AE711264FF0000857E72DE9A1
:10085000F04F88460446D21D22F0070191B0D1E93D
:100860000001CDE90A0103F0DBFD02460B98C00F41
:1008700001D02D2007E02068810701D52B2002E060
:10088000202101EAC000032A099001D0072A05DBD4
:1008900003464146204600F08FF90BE120788006A0
:1008A00001D5E06900E00620B8F1650F814606D069
:1008B000B8F1660F18D0B8F1670F70D131E00020A1
:1008C000B9F1110F009001DB112301E009F10103DF
:1008D0000AAA01A90CA8FFF7E2FEDDE90C700026C8
:1008E00009F10105834647E001204B4600904FF097
:1008F00000470AAA01A90CA8FFF7D1FEDDE90DB057
:100900000C995D46002610B909F101000D18B9EBEC
:10091000050003D4C0F1FF3609F10105A5EB09007C
:100920002BE0B9F1010F01DA4FF001090020B9F114
:10093000110F0090484601DD112300E003460AAA8A
:1009400001A90CA8FFF7ABFEDDE90C704D460026AF
:100950008346207800070AD4AB4500DA5D4601A83B
:10096000012D04DD411911F8011C302907D04F4534
:1009700002DA17F1040F04DA012082460FE06D1E3F
:10098000EEE7002F02DCED1B3E4403E0781CA8429A
:1009900000DD7D1CB81B00F1010A4FF000472078F4
:1009A000000703D4AA4501DB4FF0FF3A0021B7F15D
:1009B000004F0DF143088DF8431024D002202B2363
:1009C000002F01DA7F422D230A21021EA0F101002F
:1009D00000DC5FB197FBF1FC97FBF1F201FB1C7CA3
:1009E00017460CF1300C08F801CDEEE7A8F1010034
:1009F00003702188090501D5452100E06521A0F19A
:100A0000010800F8011C09980FA9A1EB0807FF1DB8
:100A100000B10120411901EBEA70A1693844081ABC
:100A2000401EA0612078C00602D42046FFF710FCCB
:100A3000099828B1D4E901219047206A401C20621E
:100A40002078C00622D52046FFF702FC1EE0002ECB
:100A500004DBB34502DD01A8805D00E03020D4E96D
:100A600001219047206A401C2062761CAAF10100F7
:100A70005FEA000A0AD100F055F8C0680168405CDE
:100A8000D4E901219047206A401C2062281EA5F16C
:100A90000105DCDC07E0D4E9012118F8010B9047DF
:100AA000206A401C2062381EA7F10107F3DC2046B3
:100AB000FFF7E4FB032011B041E6000001694A1C86
:100AC00002610878704700B58FB0CDE9013100218F
:100AD000059105497944CDE9031011466846FFF7B1
:100AE0006FFC0FB000BD0000E5FFFFFF0A6802F8D1
:100AF000010B0A60704710B5436913B1AFF3008072
:100B000001E0FFF7CCFB012010BD127800F12401B9
:100B10000A7000224A700122EDE711684FF0FF329F
:100B2000E9E70000004870474007002030B5B0F109
:100B30000A024FEA900E71F100034EEA817EB0EB9B
:100B40000E0061EB91014FEA101E4EEA017E10EBA0
:100B50000E0041EB11114FEA102E4EEA016E10EB20
:100B60000E0041EB11214FEA104E4EEA014E10EB00
:100B70000E0041EB1141401841F100014FEAD00055
:100B800040EA41704FEAD10110EB80054FEA810441
:100B900044EA907444EB01046D1944EB0404521BC5
:100BA000A3414FF0000348BF0A3200D530BD401CBE
:100BB00041F1000130BD00002DE9F0411F4604461F
:100BC00003260168072A01F4006004DB08B116A5BA
:100BD00005E016A503E008B115A500E015A521F074
:100BE00010002060A069C01EA0610FB1401EA0616E
:100BF0002046FFF72DFB4FB1D4E90121384690473D
:100C0000206A401C2062C01C206206E0206AFAE7CD
:100C1000D4E9012115F8010B9047761EF8D2204641
:100C2000FFF72CFBBDE8F0814E414E006E616E0077
:100C3000494E4600696E66002DE9F047814616462A
:100C40008AB0354878440DC88DE80D0032487844A4
:100C5000801C03AC0DC884E80D0041F69B300844AD
:100C6000372190FBF1F290FBF1F5A5F1800501FB36
:100C700012041B3C02D56442012000E00020DFF892
:100C800098A080460027FA44AAF1BE0A0EE0E007C9
:100C90000AD03246684607EB470101230AEB81017F
:100CA00000F046FB8DE8070064107F1C002CEED19D
:100CB000194F7F44AE3F19E0E80715D007EB041049
:100CC0000DF1180A90E80E008AE80E00C068F042A4
:100CD00001D1981908903246012306A903A800F013
:100CE00027FB03AB83E807006D10641C002DE3D1E4
:100CF0004FF0010332466946B8F1000F03A802D055
:100D000000F001FB01E000F013FBC9E90001C9F8A4
:100D100008200AB0BDE8F087B4A30000004870477F
:100D2000200700207546FFF7F9FFAE46050069462B
:100D3000534620F00700854618B020B5FFF74EFA5D
:100D4000BDE820404FF000064FF000074FF00008CC
:100D50004FF0000B21F00701AC46ACE8C009ACE84D
:100D6000C009ACE8C009ACE8C0098D46704710B5B1
:100D70000446AFF300802046BDE81040FFF719BAE3
:100D80004FF0013C50F8042B51F8043B9A4221D11A
:100D9000A2EB0C03934313EACC1317D150F8042BA6
:100DA00051F8043B9A4215D1A2EB0C03934313EA8A
:100DB000CC130BD150F8042B51F8043B9A4209D1C3
:100DC000A2EB0C03934313EACC13DBD04FF00000EB
:100DD000704700BFD01A01BAB1FA81F101F01801D1
:100DE00022FA01F0CB40C1F12001DBB2C0B2C01A3F
:100DF0002CFA01F3D11A914311EAC311E6D17047DD
:100E000001491820ABBEFEE72600020070475FEAEA
:100E1000400C08BF91F0000F4FEA8C234FEAC1222B
:100E200043EA51514FEA1C5018BF00F5F0404FEA19
:100E3000300018BF41F000415FEA6C5C00F029808F
:100E4000BCF1FF3F08BF40F080407047130C06BF65
:100E500012044FF0100C4FF0000C130E04BF1202DE
:100E60000CF1080C130F04BF12010CF1040C930FCA
:100E700004BF92000CF1020CD30F04BF52000CF11E
:100E8000010C11464FF00002A0F11F00A0EB0C0076
:100E9000704711F0004F08BF704731F000413FF438
:100EA000D5AF0B0C06BF09044FF0100C4FF0000C2F
:100EB0000B0E04BF09020CF1080C0B0F04BF090153
:100EC0000CF1040C8B0F04BF89000CF1020CCB0F4A
:100ED00004BF49000CF1010CCCF12003A0EB0C0085
:100EE00022FA03F302FA0CF241EA030100F10100D5
:100EF000704720F07F4C80EA030023F07F47ACEB83
:100F0000070303F57C5300F0004003F1FF032DE9D4
:100F100080494FEA154B09B44FEA144325EA0B4EBA
:100F200024EA03480FF2042606EB132749083E780B
:100F30005FEA320203FB0667C7F5000707FB06F608
:100F40004FEA54374FEAD64606F1020607FB066C15
:100F5000CCF1005C4FEA1C472CEA074C07FB06F477
:100F60000CFB06F504EB15464FEA961634BF00203D
:100F70004FF000404FEAD13706FB07FC4FEA1C4C0C
:100F80000CFB0BF7D21B03FB0CF761EB07010CFB0F
:100F90000EF7B0EB074072EB17420CFB08F734BFBB
:100FA000A2EB0742B2EB074261EB17414FEA0C4458
:100FB0004FEA910706FB07FC4FEA1C4C0CFB0BF7B2
:100FC000B0EBC74072EB573203FB0CF734BFA2EB18
:100FD000C742B2EBC74261EB57310CFB0EF7B0EBE7
:100FE000C70072EB57720CFB08F734BFA2EBC702C5
:100FF000B2EBC70261EB5771039F4FEA816141EA8F
:10100000921104EBCC044FEAD1374FEA826206FB1F
:1010100007FC42EA90124FEA80604FEA1C4C0CFB3E
:101020000BF7D21B03FB0CF761EB07010CFB0EF770
:10103000B0EB074072EB17420CFB08F734BFA2EB92
:101040000742B2EB074261EB17414FEA8C554FEA7A
:10105000910704EB9C2406FB07FC4FEA1C4C0CFB9D
:101060000BF7B0EBC74072EB573203FB0CF734BF02
:10107000A2EBC742B2EBC74261EB57310CFB0EF754
:10108000B0EBC70072EB57720CFB08F734BFA2EB52
:10109000C702B2EBC70261EB577115EB4C254FEA63
:1010A000816141EA92114FEA82624FEAD13742EA06
:1010B000901206FB07FC44F100044FEA80604FEAFF
:1010C0001C4C0CFB0BF7D21B03FB0CF761EB07016D
:1010D0000CFB0EF7B0EB074072EB17420CFB08F766
:1010E00034BFA2EB0742B2EB074261EB174115EBAD
:1010F0001C154FEA813141EA92414FEA823242EABD
:1011000090424FEA80304FEA0C7644F1000448EAFE
:1011100003434EEA0B484FF0000EB2EB080C71EBA4
:10112000030724BF624639464EEB0E0E4FF0000B0C
:101130000018524149414BEB0B0BB2EB080C71EB21
:1011400003077BF1000B24BF624639464EEB0E0EBF
:101150004FF0000B0018524149414BEB0B0BB2EB27
:10116000080C71EB03077BF1000B24BF6246394684
:101170004EEB0E0E51EA020718BF46F0010616EBC1
:101180000E7655F1000254F1000103D5BDE8890146
:10119000BDE80088BDE88901BDE80048B6195241A4
:1011A00041EB0101A3F10103704780807F7E7D7CCC
:1011B0007B7A7978777676757473727171706F6EE9
:1011C0006E6D6C6C6B6A6A69686867666665646494
:1011D000636362616160605F5F5E5E5D5D5C5C5B1E
:1011E0005B5A5A595958585757565655555554548D
:1011F000535352525251515050504F4F4F4E4E4DEB
:101200004D4D4C4C4C4B4B4B4A4A4A494949484836
:101210004847474747464646454545444444444376
:1012200043434342424242414141002B9C4630D419
:1012300077002BD01CB54FEA370703B44FF01000EE
:101240004FF01001BAF1000F06D0BCF1000FDCBF67
:1012500040F0080040F008014FF000000FBCBDE86E
:1012600010400BF1010BBBF1010F08BF5FEA17073C
:1012700022BF12F1010211F101014FF0004143F1CF
:10128000000300F0004043EA00007047F9D357081C
:10129000D0E746EA064613F1400F4FEA16461FDD37
:1012A00013F1200FDFBF16430A46002120335B42B3
:1012B000BED0C3F1200746EA064602FA07F74FEA16
:1012C000164646EA0706C3F1200722FA03F201FA9E
:1012D00007F721FA03F14FF0000342EA0702A7E7FC
:1012E00046EA020646EA06464FEA164646EA01067E
:1012F000BCBF46EA0646360C4FF000034FF0000232
:101300004FF0000194E72DE9804C9A46934670B463
:1013100091E8380007C831EA400C48BF34EA430C72
:1013200003D5FFF7E6FDFFF780FFF0BCBDE8008CBA
:101330002DE9804C9A46934670B491E8380007C86E
:1013400010F0804F08BF13F0804F03D100F005F874
:10135000FFF76BFFF0BCBDE8008C20F07F4780EA10
:10136000030023F07F4C07EB0C03A3F57C5300F044
:101370000040A3F1FE0392F0000F00F0B38095F05F
:10138000000F00F077802DE901494FEA11404FEA44
:10139000144621EA004800FB06FC24EA064708FB45
:1013A00006F607FB08F800FB07F718EB06484CEBBE
:1013B000164C4FEA124B18EB07484FEA15464CEB18
:1013C000174022EA0B4E0BFB06FC25EA06470EFBF4
:1013D00006F607FB0EFE0BFB07F71EEB064E4CEB6B
:1013E000164C4FF000061EEB074E4CEB174B18EB5C
:1013F0000B0840F1000018EB0E0B58EB000840F111
:1014000000008F1A4FF000013CBFC943661B14BF98
:10141000B5EB040C00213CBFC943F61B4FEA17444F
:101420004EEA8E0E27EA04454FEA1C4704FB07628A
:101430002CEA074C05FB07F70CFB05F604FB0CFC3C
:1014400016EB074642EB174216EB0C4642EB1C42EA
:101450001BEB060658EB0202414146EA9E0601D507
:10146000BDE80189B619524141EB0101A3F1010325
:10147000BDE801894FEA14454FEA114724EA0546C1
:1014800021EA074C05FB07F406FB07F70CFB06F106
:1014900005FB0CFC11EB074144EB17444FEA1247E4
:1014A00011EB0C4144EB1C4422EA074C05FB07F20C
:1014B00006FB07F70CFB06F605FB0CFC16EB0746D4
:1014C00042EB174216EB0C4642EB1C456A1854F1EE
:1014D000000148BF7047B619524141EB0101A3F129
:1014E0000103704795F0000F37D04FEA11424FEAE1
:1014F000144721EA024624EA074C02FB07F106FBE7
:1015000007F70CFB06F402FB0CFC14EB074441EB61
:1015100017414FEA154714EB0C4441EB1C4125EAF7
:10152000074C02FB07F506FB07F70CFB06F602FB70
:101530000CFC16EB074645EB174516EB0C4645EB46
:101540001C42121951F1000148BF7047B6195241AF
:1015500041EB0101A3F1010370474FEA14454FEA43
:10156000114724EA054621EA074C05FB07F106FB73
:1015700007F70CFB06F24FF0000605FB0CFC12EB24
:10158000074241EB174112EB0C4251EB1C4148BFA3
:101590007047921841EB0101A3F101037047FEE788
:1015A0007047000001B5074807490068B0FBF1F03B
:1015B000009948430090411E009101D30846FAE784
:1015C00008BD0000E800002000127A000649002053
:1015D000C8610648016941F004010161016941F0F7
:1015E0004001016170470000000700200020024018
:1015F000064A0021D16106490A6942F002020A61E5
:101600004861086940F04000086170470007002009
:1016100000200240044B0022DA61044A136943F0BF
:101620000103136101807047000700200020024081
:1016300014480022C168CB06134904D5CA6942F098
:101640000202CA611022C3685B0705D5CB6943F06B
:101650000103CB6142F00402C369DB0707D0CB6909
:1016600043F00403CB61C16921F00101C161A2F51E
:101670008071013901D0C2607047C16921F0010158
:10168000C1617047002002400007002070B5054688
:1016900000F0B4FB0646114C09E0681C07D025B1E8
:1016A00000F0ACFB801BA84201D9032070BDE068AC
:1016B000C007F2D1E068800601D52020E060E06834
:1016C000C00605D4E069C00702D1E068400703D531
:1016D000FFF7AEFF012070BD002070BD002002406A
:1016E00008B500210090034843880288084600F0AE
:1016F00027F808BDEC000020F8B505460F480C4659
:1017000016460188A94217D94088A04214D902F090
:10171000BFF9601C83B2681C82B22146284602F0E1
:10172000BFF9300A8DF800008DF80160022168468B
:1017300002F004FA02F0E6F9F8BD0000EC00002027
:101740002DE9F843074623480E46DDF8208001883E
:101750001D461446B9423BD94088B04238D93A199F
:10176000521E8A4201DBC91B8CB27119491E81428B
:1017700001DB801B85B202F08BF97019401E83B229
:101780003819401E82B23146384602F089F94FEAD4
:1017900018208DF8000001228DF8018011030E48F9
:1017A00000F027FB2E464FF0FF370DE0254607E0FF
:1017B0003B4602226946094801F0F6FA6D1EADB2B9
:1017C000002DF5D1761EB6B2002EEFD102F09AF9B7
:1017D000BDE8F883EC00002000080140B4050020BB
:1017E0000FB44A1E2DE9F04FC3F30726324485B0EB
:1017F00094B2DFB2DDE913BA421E3A4492B22346F4
:1018000002F04EF910980024A0F1200833E000BF48
:101810001299B8F15F0F02D208FB064003E010985E
:10182000613800FB0640002531F810904FEA1B207C
:1018300003900BF0FF0002904FEA1A2001900AF08B
:10184000FF00009014E000BF09FA05F0000404D581
:1018500003988DF81000029803E001988DF81000AD
:1018600000988DF81100022104A802F067F96D1CA0
:10187000AF42E9D8641CA642CAD805B0BDE8F00F53
:101880005DF814FB2DE9FE4F9846DDE90DBA1446CC
:101890000E46054602F0FCF8DFF8509008F0FF070E
:1018A0001CE0B9F80030791999420BD3C8F307212D
:1018B0008B199EB2B9F8020000253144814210D242
:1018C000202A0AD0CDE901BA0C980090434631464F
:1018D0002846FFF785FF781985B2641C2278002A14
:1018E000DFD1BDE8FE4F02F00DB90000EC00002092
:1018F00030B50223437103689C6844F001049C6086
:10190000002304E0056851F823402C605B1C9342DF
:10191000F8D30168096801224271084630BD10B54C
:10192000040002D0607910B106E0012010BD002053
:101930002071204600F004F801206071002010BDE5
:1019400008B500680649884208D10648416941F057
:1019500040014161406900F04000009008BD000076
:10196000003002400010024070B5044600F046FA14
:101970000546601C02D004480078044400F03EFA9A
:10198000401BA042FAD370BDDC0000202DE9F047D7
:10199000054626480F460126017E01290FD0012168
:1019A000814601762868DFF888804CF2503402289E
:1019B00008D0A2462046FFF769FEA8B131E0022018
:1019C000BDE8F0872046FFF761FE08BB0120FFF766
:1019D000FDFD2046FFF75AFED8F81010064621F00C
:1019E0000401C8F810101CE04FF0FF303860AC68FC
:1019F00011E02046FFF7FCFD5046FFF747FED8F800
:101A00001010060021F00201C8F8101001D03C604F
:101A100007E004F58064D5E9020100EB8120A042D3
:101A2000E7D8002189F818103046C9E700070020E0
:101A3000002002400348016941F08001016100205B
:101A400070470000002002402DE9F05F07461C4867
:101A500088460024017E15461E46012909D0012131
:101A6000814601764CF2503A5046FFF70FFE18B10E
:101A700022E00220BDE8F09F012F02D0022F00D00B
:101A80000427D346DFF83CA0220128463146FEF762
:101A9000B7FB81B208EB4400FFF7BCFD5846FFF7E7
:101AA000F5FDDAF8102022F00102CAF8102018B96A
:101AB000641CE4B2BC42E7D3002289F81820D9E7BD
:101AC0000007002000200240064900200A69120693
:101AD00007D5054A4A60054A4A600969090600D5E2
:101AE000012070470020024023016745AB89EFCDFC
:101AF0002DE9F04300233E4F0F2573E001229A4069
:101B00000A406DD023F00304E619D6F808809C073C
:101B10004FEA147C05FA0CF909EA0804DFF8D480CE
:101B2000404502D14FF0000816E0DFF8CC80404578
:101B300002D14FF001080FE0DFF8C080404502D12C
:101B40004FF0020808E0DFF8B880404502D14FF0BE
:101B5000030801E04FF0040808FA0CF8A04522D170
:101B6000284CD4F800C02CEA020CC4F800C0241D94
:101B7000D4F800C02CEA020CC4F800C0214C0C348C
:101B8000D4F800C02CEA020CC4F800C0241FD4F81A
:101B900000C02CEA020CC4F800C0D6F808C02CEA39
:101BA000090CC6F808C0FF2A01D8064601E000F17A
:101BB00004064FEA830401D9A4F12004D6F800C03A
:101BC00005FA04F82CEA080C4FF0040808FA04F8A7
:101BD0004CEA080CC6F800C0C46824EA0204C460D9
:101BE00003F1010331FA03F288D1BDE8F08300006C
:101BF0000000014000080140000C014000100140BD
:101C000000140140000401402DE9F84FDFF8B891BD
:101C10000024A9F1040B23460F2709F1040AABF1B4
:101C2000040EC9E00125A5402A40AA427DD1674E95
:101C3000D1F804C0ACEB0608B44532D014DCBCF1DA
:101C4000030F3AD009DCBCF1000F2AD0BCF1010F20
:101C50001CD0BCF1020F31D11DE0BCF1110F17D027
:101C6000BCF1120F2AD119E0B8F5881F19D006DC93
:101C7000B8F5803F15D0B8F5801F1FD111E0B8F539
:101C8000001F0ED0B8F5041F18D10AE0CB6815E08C
:101C9000CB681B1D12E0CB6808330FE0CB680C3318
:101CA0000CE08B682BB1012B4FF0080303D045618A
:101CB00004E0042302E0056100E00023FF2A01D8CC
:101CC000064601E000F104064FEA840501D9A5F1BA
:101CD0002005D6F8008007FA05FC28EA0C0803FA6C
:101CE00005F548EA0508C6F800804D68ED0062D5A4
:101CF000374DAE6946F00106AE61AD6924F00306CA
:101D000005F001050095334D06EB050CDCF8085095
:101D1000A607360F07FA06F825EA0805DFF8B880A7
:101D2000404503D14FF0000817E044E0DFF8AC80F5
:101D3000404502D14FF001080FE0DFF8A480404594
:101D400002D14FF0020808E0DFF89880404502D148
:101D50004FF0030801E04FF0040808FA06F848EADB
:101D60000508CCF808804D68D9F80060ED024D46B2
:101D700001D5164300E096432E604D68DAF8006006
:101D8000AD02554601D5164300E096432E604D68DE
:101D9000DBF80060AD035D4601D5164300E09643D5
:101DA0002E604D68DEF80060ED03754601D51643E0
:101DB00000E096432E60641C0D682A46E5407FF4DF
:101DC00031AFBDE8F88F0000080401400000111099
:101DD000001002400000014000080140000C0140DA
:101DE00000100140001401408068084000D001202C
:101DF00070470AB1016170470904FBE70148806838
:101E000070470000DC00002070B5040025D094F875
:101E10003D00002520B984F83C50204600F04EF9E2
:101E2000242084F83D002068016821F00101016050
:101E30002068016841F4004101602068016821F4D4
:101E40000041016000F06EFB4D4A6168914201D88B
:101E50004C4900E04C49884201D2012070BD4B49F9
:101E60002368B0FBF1F15E6826F03F060E435E602A
:101E70006368934206D94FF4967359434FF47A73CB
:101E8000B1FBF3F12368491C1E6A26F03F0631437B
:101E900019626168914210D84900401EB0FBF1F20E
:101EA000521CC2F30B02042A01D2042022E0B0FB30
:101EB000F1F0401CC0F30B001CE0A268F2B301EB90
:101EC000C10303EB0116431EB3FBF6F35B1C43F4A3
:101ED00080431B0549D092B301EBC10202EB011113
:101EE000401EB0FBF1F0401CC0F30B0040F48040FA
:101EF00040F400402168CA694CF6FF739A431043CE
:101F0000C861D4E9071001432068026822F0C002CA
:101F100011430160D4E9030101432068826848F25B
:101F2000FF339A4311438160D4E9050108432168D6
:101F3000CA6822F0FF021043C86001E00EE016E01C
:101F40002068016841F0010101602564202084F8C7
:101F50003D00256384F83E50002070BD01EB410632
:101F6000431EB3FBF6F35B1CB3E70120C2E701EBB2
:101F70004101401EB0FBF1F0401CC0F30B00B7E77D
:101F8000A086010080841E0000093D0040420F0031
:101F90002DE9F84F1F4690468A460446DDF8289002
:101FA000FFF72CFF054694F83D0020287FD1192328
:101FB000012240492046009501F03AFB002876D1E5
:101FC00094F83C00012872D0012084F83C0020687D
:101FD0000168C90703D1016841F00101016020686F
:101FE000016821F400610160212084F83D00102087
:101FF00084F83E0000262664C4F824806785608D3E
:1020000020852D48E0622B464A465146204601F085
:1020100095FA90B9206841698069009036E02A46B7
:102020004946204601F0AAFB50B1206C042804D197
:102030002068016841F4007101600120BDE8F88F5B
:10204000606A216800780861606A401C6062618D86
:10205000491E6185218D491E89B2218522685369F7
:10206000DB435B070BD451B100781061606A401C00
:102070006062608D401E6085208D401E20852A464E
:102080004946204601F0A8FA0028CED1208D00282C
:10209000C5D154F83D0B016841F400710160202066
:1020A00004F81E09E67766770020C7E7FFE70220FD
:1020B000C4E70000020010000000FFFF10B586B06A
:1020C0000021009101910291039100681349884217
:1020D00022D1134CA06940F00800A061A0696946B4
:1020E00000F0080004904FF440700090122001901E
:1020F000032003900B48FFF787FD0B48416841F030
:10210000E06141F002014160E06940F40010E061EB
:10211000E06900F40010049006B010BD00540040C7
:1021200000100240000C014000000140024881689C
:102130000278114481607047DC000020074810B528
:10214000016841F010010160032000F075F80020E3
:1021500000F006F800F024F8002010BD0020024036
:1021600070B50D4D04464FF47A712878B1FBF0F04C
:102170000A490968B1FBF0F000F0C1FF48B9102C22
:1021800007D200222146501E00F036F800206C6075
:1021900070BD012070BD0000DC000020E8000020C0
:1021A0000C4808B5816941F001018161816901F044
:1021B00001010091C16941F08051C161C06900F025
:1021C000805000900448416821F0E06141F00071C6
:1021D000416008BD0010024000000140002809DBFA
:1021E00000F01F02012191404009800000F1E02031
:1021F000C0F8001170470000F0B40E4B1B680C468D
:10220000C3F30223C3F10705042D00D90425191DCA
:10221000072901D2002300E0DB1E012606FA05F1A2
:10222000491E214099409E40761E16403143F0BC25
:1022300002F00AB90CED00E0064900F00702086858
:102240004FF6FF03184040EA0220034A104308609B
:10225000704700000CED00E00000FA050149012084
:102260000862704700000E4210B501460020234C62
:10227000012922D0022939D010291DD16168226894
:10228000D20119D51E48C1F38342C903805C0AD527
:1022900061681B4AC1F34041921E515C194AB2FB6E
:1022A000F1F1484301E0184948436168490203D409
:1022B00040000321B0FBF1F010BD226AC2F30121FE
:1022C000012903D1920701D5C80310BD022905D108
:1022D000626A920702D549F6404010BD0329FCD13D
:1022E00021688903F9D54FF2244010BD00F02AF986
:1022F0006168C1F38131491C4900DBE700100240ED
:102300001CAF000800127A0000093D002DE9F843D7
:1023100005460078354CC00754D0E0690026C0005F
:1023200008D4E06940F08050E061E069012600F0E7
:10233000805000902E480168C90512D4016880467B
:1023400041F480710160FFF759FD074605E000BFC9
:10235000FFF754FDC01B642823D8D8F80000C0053F
:10236000F6D5206A10F4407021D0A98801F440719C
:1023700081421CD0206A1F49012220F440700A606B
:1023800000220A602062C00711D0FFF737FD074620
:1023900041F2883808E000BFFFF730FDC11B41451E
:1023A00002D90320BDE8F883206A8007F4D5206AAB
:1023B000696820F44070084320621EB1E06920F093
:1023C0008050E0612878800705D56068A96820F40E
:1023D0004040084360602878C00605D56068E96819
:1023E00020F48000084360600020DBE7001002401A
:1023F00000700040400442422DE9F0470F460500BE
:1024000061D0434E306800F00700B84209D230680E
:1024100020F0070038433060306800F00700B84211
:1024200051D128683B4C810712D5400703D560681D
:1024300040F4E06060602878000703D5606840F4ED
:10244000605060606068A96820F0F0000843606038
:102450002878C00728D06868012810D02168022891
:1024600010D0890700292EDA616821F003010143A9
:102470006160FFF7C3FC804641F288390DE02168B6
:102480008903EFE78901EDE7FFF7B8FCA0EB08014E
:10249000494502D90320BDE8F0876068696800F00B
:1024A0000C00B0EB810FEFD1306800F00700B842AC
:1024B0000BD9306820F0070038433060306800F0F6
:1024C0000700B84201D00120E5E72878400705D58C
:1024D0006068E96820F4E0600843606028780007DD
:1024E00006D56068296920F4605040EAC100606048
:1024F00000F038F86168084AC1F30311515CC84024
:102500000649086006480068FFF72AFE0020C2E777
:1025100000200240001002402CAF0008E80000201C
:10252000E00000200448054900684968044AC1F3F6
:102530000221515CC8407047E800002000100240B2
:102540003CAF00080448054900684968044AC1F3E3
:10255000C221515CC8407047E800002000100240D2
:102560003CAF00080E4A51680E4801F00C03042BE2
:1025700011D0082B0FD10C48C1F38343C903C05CB1
:102580000AD55168084AC1F34041921E515C054A80
:102590005043B0FBF1F070470449484370470000D6
:1025A0000010024000127A000AAF000800093D0046
:1025B0002DE9F84F040070D02078C04DC00749D0F5
:1025C0006868C0F38100012807D06868C0F3810003
:1025D000022809D16868C00306D52868800339D568
:1025E00060680028E7D035E06068B0F5803F0BD028
:1025F00010B1B0F5A02F11D0286820F480302860E9
:10260000286820F4802002E0286840F480302860A8
:10261000606890B1FFF7F2FB06460AE0286840F4D4
:1026200080202860F0E700BFFFF7E8FB801B6428EC
:1026300073D828688003F7D50CE0FFF7DFFB064668
:1026400005E000BFFFF7DAFB801B6428F0D828689C
:102650008003F7D420789A4E80074FF001094FF09D
:10266000000839D5686810F00C0F07D06868C0F30F
:102670008100022809D16868C00306D42868800751
:1026800014D52069012808D110E02069B0B1C6F83E
:102690000090FFF7B3FB074605E00AE1FFF7AEFB4A
:1026A000C01B0228C4D828688007F7D5286861694C
:1026B00020F0F80040EAC10028600DE0C6F8008074
:1026C000FFF79CFB074604E0FFF798FBC01B0228BE
:1026D00023D828688007F7D4207800072CD57948BC
:1026E000A169D9B1C0F80090FFF788FB074604E064
:1026F000FFF784FBC01B02280FD8686A8007F7D554
:1027000071484FF4FA510068B0FBF1F0009000BF3F
:102710000098411E0091FAD20EE080E0C0F80080DF
:10272000FFF76CFB074604E0FFF768FBC01B0228BD
:1027300075D8686A8007F7D42078400760D5E869C3
:102740000027C00008D4E86940F08050E861E869DB
:10275000012700F0805000905C480168C90513D43F
:102760000168834641F480710160FFF747FB8246B0
:1027700006E000BFFFF742FBA0EB0A0064284ED83A
:10278000DBF80000C005F5D5E06801280AD008B1E3
:10279000052813D0286A20F001002862286A20F05A
:1027A000040002E0286A40F001002862E06841F27B
:1027B000883B98B1FFF722FB82460BE0286A40F085
:1027C00004002862EEE700BFFFF718FBA0EB0A0148
:1027D00059455AD8286A8007F6D50CE0FFF70EFB5A
:1027E000824605E0FFF70AFBA0EB0A0159454CD8E9
:1027F000286A8007F6D41FB1E86920F08050E861AC
:10280000E06988B36968C1F38101022944D00228D4
:10281000C6F8608004D0FFF7F1FA044638E034E0EF
:10282000FFF7ECFA074604E0FFF7E8FAC01B0228BE
:102830002BD828688001F7D4206AB0F5803F05D1F5
:102840006868A16820F4003008436860D4E9080192
:102850000843696821F4741108436860C6F8609001
:10286000FFF7CCFA044606E025E000BFFFF7C6FA02
:10287000001B022809D828688001F7D51BE000BF9B
:10288000FFF7BCFA001B022802D90320BDE8F88F2D
:1028900028688001F4D40EE00128F7D06868226A25
:1028A00000F48031914204D1616A00F470108842D2
:1028B00001D00120EAE70020E8E700000010024014
:1028C0000000424280044242E800002000700040C4
:1028D0007047704710B5044600680168C90717D0F3
:1028E0004168C90714D040684007204607D5FFF764
:1028F000F0FF21686FF004004860042002E0FFF759
:10290000E7FF012060742068416821F00101416007
:1029100010BD80B1017C01290FD001210174022278
:1029200042740268136843F001031360417400218C
:102930000174084670470120704702207047F8B5BF
:1029400005004FF0000016460C46009006D02CB152
:1029500000226946284600F019F808B10120F8BDA8
:10296000287B2070E87BE070697B6170A97BA17097
:1029700056B101F0E9F9E070607801F0E5F96070B6
:10298000A07801F0E1F9A0700020F8BD2DE9F04732
:1029900091460C465FEA00084AD084B3D8F800009C
:1029A0004068400744D4404601F079FA4FF4616230
:1029B0000546B0FBF2F1B0FBF2F302FB13503C23EF
:1029C000B0FBF3F0B5FBF2F6607002FB1650B0FB03
:1029D000F3F203FB1200A070182931D31820B1FBC9
:1029E000F0F7B1FBF0F200FB12102070404601F04E
:1029F0004FFA411C04D0A84202D9461B02E017E05E
:102A00004FF0FF36A7EB071000EB4000C0EB0010C3
:102A100005EBC0152946404601F090FA40B9701CFC
:102A200001D0711900E03146404601F073FA10B14F
:102A30000120BDE8F0873946404601F090F900E0FA
:102A40002170B9F1000F0BD0207801F07DF92070D2
:102A5000607801F079F96070A07801F075F9A070E4
:102A60000020E6E770B5040003D0607C002610B1BA
:102A700005E0012070BD2674204600F03DF80220DC
:102A80006074204600F0B2F8042550BB204601F0E7
:102A9000BDF930BB2068416821F007014160A068A2
:102AA00020B11448016821F0010101601148001FA4
:102AB0000168A26821F46071114301606068411CE3
:102AC00004D10120FFF7D0FB58B1401E2268C0F3AB
:102AD00003419160216880B2C860204601F0B0F9DE
:102AE00008B16574C5E7E67301206073A073607474
:102AF000002070BD306C004008B500680D49884268
:102B000017D1FFF7ABFB0C48C16941F00061C1610F
:102B1000C0690A4900F000600090012008600022AE
:102B200011460320FFF768FBBDE808400320FFF7CC
:102B300055BB08BD00280040001002403C04424242
:102B40002DE9F0410D46040024D01DB3207C01285E
:102B500023D04FF0010884F8108002206074287898
:102B6000EAB101F0E8F84FF4616100FB01F6687822
:102B700001F0E1F8C0EB001006EB8006A87801F048
:102B8000DAF835182946204601F0D8F9002604273E
:102B900010BB0FE00120BDE8F0810220FBE74FF4FD
:102BA000616148436978C1EB011100EB8100A978AC
:102BB0004518E7E72068416821F00501416020469B
:102BC00001F066F9411C0AD0A84208D20649014426
:102BD000204601F09FF910B167742674DAE784F893
:102BE000118026740020D6E78051010070B50400E2
:102BF0000AD02068416821F008014160FFF7FEF823
:102C000005464FF47A7608E0012070BDFFF7F6F82C
:102C1000401BB04201D9032070BD20684068000706
:102C2000F4D5002070BD10B5040011D0022084F846
:102C300051002068016821F040010160204600F049
:102C400063F80020606584F8510084F8500010BDDE
:102C5000012010BD70B5040009D0606A002540B1A4
:102C600025616561A56294F8510040B10CE0012036
:102C700070BD6068B0F5827FF4D0E561F2E784F85A
:102C80005050204600F056F8022084F85100206889
:102C9000016821F040010160A088218900F4827060
:102CA00001F404410843A18901F400610843217C37
:102CB00001F002010843217D01F001010843218B4D
:102CC00001F400710843217F01F03801084394F8B2
:102CD000201001F080010843218D01F400510843C8
:102CE00021680860A069042101EA10402168486059
:102CF0002068C16921F40061C1616565012084F823
:102D00005100002070BD000000680749884209D1C9
:102D10000648C16921F48041C1614FF46041044813
:102D2000FEF7E6BE70470000003800400010024089
:102D3000000C014030B585B0002400940194029449
:102D4000039400681549884225D11548C16941F4AA
:102D50008041C161C16901F480410491816941F000
:102D60000801816180690F4D00F0080004904FF464
:102D700020400090022001900320039069462846DD
:102D8000FEF742FF4FF48040CDE900046946284633
:102D90000294FEF739FF05B030BD00000038004056
:102DA00000100240000C01402DE9F84F98461646ED
:102DB0008A460446FFF722F8814694F8510001281C
:102DC0001ED1BAF1000F73D0002E71D094F85000CC
:102DD000012815D0012784F85070032084F8510091
:102DE00000256565C4F830A0A686E686A563A5879C
:102DF000E58765642564A068B0F5004F03D00CE05A
:102E00000220BDE8F88F2068016821F040010160D0
:102E10002068016841F4804101602068016849062A
:102E200003D4016841F040010160E068B0F5006F33
:102E3000606803D048B3012E27D047E008B1012EC7
:102E40001FD1206B21680088C86006E02068816877
:102E5000890709D5216B0988C160206B801C20631C
:102E6000E08E401EE0860CE0FEF7C8FFA0EB0901F3
:102E7000414503D3B8F1FF3F03D035E0B8F1000F6F
:102E800032D0E08E0028E1D123E0206B2168007869
:102E9000087306E02068816889070AD5216B0978E4
:102EA0000173206B401C2063E08E401EE0860DE025
:102EB0002BE0FEF7A3FFA0EB0901414503D3B8F1D6
:102EC000FF3F03D010E0B8F1000F0DD0E08E0028D6
:102ED000E0D14A464146204601F04DF808B1202095
:102EE0006065A06830B109E084F8517084F85050F2
:102EF000032086E72068C1688068009084F85170DC
:102F000004F8505F60680028F3D0012079E72DE9CC
:102F1000FF4F81B01D46934604464FF001090E9EB7
:102F2000FEF76CFF074694F851006168012806D04F
:102F3000B1F5827F3CD1A168C9BB042838D1029881
:102F4000002871D0BBF1000FFBD0002DF9D094F810
:102F5000500001282CD04FF0010A84F850A094F8BA
:102F60005100042802D0052084F851004FF00008D9
:102F7000C4F85480C4F838B0E587A5870299216366
:102F8000E586A586C4F84080C4F8448020680168BE
:102F9000490603D4016841F040010160E068B0F5E2
:102FA000006F606808D0F0B3012D49D081E0FFE7E1
:102FB000022005B0BDE8F08F08B1012D39D1206B9A
:102FC00021680088C860206B801C2063E08E401E52
:102FD000E0862EE02068816889070FD5E18E69B10F
:102FE000B9F1010F0AD1216B0988C160206B801CE7
:102FF0002063E08E401EE0864FF000092068816863
:10300000C9070CD0E18F51B1C068A16B0880A06BDB
:10301000801CA063E08F401EE0874FF00109FEF79F
:10302000EDFEC01B01E00BE067E0B04201D3701C75
:1030300050D1E08E0028CDD1E08F0028CAD13EE0EB
:10304000206B216800780873206B401C2063E08EA1
:10305000401EE0862DE02068816889070FD5E18E4B
:1030600069B1B9F1010F0AD1216B09780173206BA5
:10307000401C2063E08E401EE0864FF0000920686F
:103080008168C9070CD0E18F51B1C068A16B08708D
:10309000A06B401CA063E08F401EE0874FF0010949
:1030A000FEF7ACFEC01BB04202D3701C01D011E091
:1030B00086B1E08E0028CED1E08F0028CBD13A46F1
:1030C0003146204600F057FF50B12020606584F85B
:1030D000508012E084F851A084F85080032068E703
:1030E000A06818B92068C1688068009084F851A071
:1030F00084F85080606D0028F1D0012059E710B5A8
:10310000401EB0F1807F01D3012010BD4FF0E024BC
:1031100060610F21601701F097F90020A06107207E
:103120002061002010BD70477047000070B590F816
:103130003C20012A26D0012480F83C40022280F85D
:103140003D2003685A689D6822F070060A68324381
:103150005A600D4B02689A4208D0B2F1804F05D0F8
:103160000A4B9A4202D00A4B9A4204D1496825F090
:1031700080031943916080F83D40002180F83C10A5
:10318000084670BD022070BD002C014000040040C4
:103190000008004010B5040003D094F83D0010B1C1
:1031A00007E0012010BD002084F83C00204600F01C
:1031B0001FF8022084F83D00211D206800F090FFD8
:1031C000012084F8460084F83E0084F83F0084F82B
:1031D000400084F8410084F8420084F8430084F8F9
:1031E000440084F8450084F83D00002010BD000034
:1031F00008B500680B49884212D10B48816941F437
:10320000006181618069002200F400600090114635
:103210001920FEF7F1FFBDE808401920FEF7DEBFD8
:1032200008BD0000002C01400010024090F83D1045
:10323000012901D001207047022180F83D1001686A
:10324000CA6842F00102CA6000680B49884208D08F
:10325000B0F1804F05D00949884202D00849884220
:1032600004D1816801F00701062903D0016841F00B
:103270000101016000207047002C01400004004063
:103280000008004070B5044690F83C000025012875
:1032900017D0012684F83C60022084F83D002068A5
:1032A000826822F0770222F47F4282600868502808
:1032B00038D00DDC20284FD005DC90B3102811D178
:1032C0004AE0022070BD302846D040280AD13BE0B9
:1032D00060282FD070280DD0B0F5805F03D0B0F5F6
:1032E000005F12D0012584F83D60002084F83C0086
:1032F000284670BDCB68D1E90121206800F02CFF81
:103300002068816841F0770109E0CB68D1E90121AB
:10331000206800F021FF2068816841F480418160CD
:10332000E1E719E0CA684968206800F027FF5021EA
:10333000206806E0CA684968206800F030FF602114
:10334000206800F013FFCEE7CA684968206800F0E3
:1033500015FF40212068F4E7226801461046F0E797
:1033600070472DE9F04104460068C66805694FF0D2
:103370000007A90713D5B10711D5F91E0161012076
:103380002077206880698007204602D0FFF7E8FF99
:1033900004E000F07EF8204600F07CF8277768070C
:1033A00016D5700714D521686FF00400086102205B
:1033B00020772068806910F4407F204602D0FFF714
:1033C000CFFF04E000F065F8204600F063F82777AF
:1033D000280715D5300713D521686FF0080008615C
:1033E000042020772068C0698007204602D0FFF7BC
:1033F000B7FF04E000F04DF8204600F04BF82777C7
:10340000E80616D5F00614D521686FF010000861A3
:10341000082020772068C06910F4407F204602D041
:10342000FFF79EFF04E000F034F8204600F032F889
:103430002777E80708D0F00706D021686FF0010071
:103440000861204600F028F8280608D5300606D581
:1034500021686FF0800008612046FFF764FE68066F
:1034600008D5700606D521686FF040000861204637
:1034700000F04AF8A8060AD5B00608D521686FF012
:10348000200008612046BDE8F041FFF74DBEBDE8D1
:10349000F08170477047000038B5006816498842CF
:1034A00029D1164C608C401C6084E078401CE07090
:1034B000A07910B1401EA07112E010480F4A3030C0
:1034C00001230168D21D21F00101016000784E2125
:1034D000C043E0714FF47A7000900948FEF758FD40
:1034E0006179084809B1491E6171BDE83840002280
:1034F0004021FEF77EBC38BD002C01408C0000202E
:103500004C050020000C01407047FEE701684A6945
:10351000D24352050FD46FF480624A61002140F813
:10352000301F202242738173026942F0040202615B
:10353000017301207047002070470000F8B5044671
:10354000C06A1E460D461746082807D0012805D038
:1035500010F5803F02D0206B122804D1206801684A
:1035600041F480710160134600224FF001112046A2
:10357000009600F05DF840B120680068C00502D5F3
:103580004FF4007020640320F8BD2069B0F5804F2F
:103590000ED00620216800EAD51040F0F000086146
:1035A00033463A460B49204600F08AF878B902E0E3
:1035B00005F0FE0000E0E8B22168086105493346E5
:1035C0003A46891F204600F07BF80028DCD0012015
:1035D000F8BD00000800010070B516460D4604460F
:1035E0001EE02046FFF792FF08B1012070BD681C65
:1035F00016D0FEF703FC801BA84200D885B92068CE
:103600004069C04340070BD5002044F8300F20210B
:103610006173A073216941F0200121612073E4E707
:1036200020684069C0434007DBD4002070BD000023
:103630002DE9F047984617460D460446C1F3074664
:10364000DDF820902AE000BFB8F1FF3F26D0FEF75A
:10365000D5FBA0EB0901414502D8B8F1000F1DD1FF
:103660002068012E16D0806925EA00000004000CB5
:1036700012D00020B84211D1002044F8300F202190
:103680006173A073216941F0200121612073012041
:10369000BDE8F0874069E7E70120EBE72068012EED
:1036A0000AD0806925EA00000004000C06D0002042
:1036B000B842C9D00020EBE74069F3E70120F7E703
:1036C0002DE9F047984616460D4604464FF000098E
:1036D0004FF0200AC1F3074723E020684069C04348
:1036E000400515D42068016841F40071016021682B
:1036F0006FF480604861C4F8309084F83DA084F88D
:103700003E90216C41F00401216484F83C9021E05A
:10371000701C06D0FEF772FBA0EB0800B04203D885
:1037200016B1012F1FD021E02068012F15D080692C
:1037300025EA00000004000C18D000BF44F8309FB8
:1037400084F80DA084F80E90216941F020012161D8
:1037500084F80C900120BDE8F087406925EA00005C
:103760000004000CEAD12068406901E0206880690B
:1037700025EA00000004000CAFD1ECE770B5164656
:103780000D4604461EE02046FFF7C0FE08B10120AA
:1037900070BD681C16D0FEF731FB801BA84200D814
:1037A00085B920684069C04300060BD5002044F865
:1037B000300F20216173A073216941F02001216144
:1037C0002073E4E720684069C0430006DBD4002092
:1037D00070BD000008B51A492A224FF4F0734A81DF
:1037E0002B228A812C220A8188714FF4A07228B181
:1037F00001280AD002280FD0032814D00A804B8059
:10380000362000F087F90FA013E00B804A803620A5
:1038100000F080F90CA00CE00A804B80362000F00C
:1038200079F90AA005E00B804A80362000F072F991
:1038300007A0012100680090684600F07FF908BDEC
:10384000EC00002048000000280000008800000074
:10385000E80000001FB5044600F01AF900F002F974
:10386000012000F057F90A20FEF77EF8F02000F062
:1038700051F965A0012100680090684600F05EF9EA
:10388000F02000F047F961A001210068009068462F
:1038900000F054F9362000F03DF95DA001210068E8
:1038A0000090684600F04AF93A2000F033F959A038
:1038B000012100680090684600F040F9B02000F057
:1038C00029F955A0012100680090684600F036F9FA
:1038D000B62000F01FF951A0022100680090684650
:1038E00000F02CF9B52000F015F94DA00421006876
:1038F0000090684600F022F9B12000F00BF949A0D1
:10390000022100680090684600F018F9B42000F029
:1039100001F9002000900121684600F00FF9B7205E
:1039200000F0F8F840A0012100680090684600F01F
:1039300005F9C52000F0EEF83CA0012100680090D8
:10394000684600F0FBF8E42000F0E4F838A001211C
:1039500000680090684600F0F1F8E82000F0DAF81E
:1039600034A1D1E90001CDE900010821684600F049
:10397000E5F8C22000F0CEF8A72000F0CBF8E02058
:1039800000F0C8F82DA10FC98DE80F000E21684680
:1039900000F0D4F8E12000F0BDF82CA10FC98DE8AB
:1039A0000F000E21684600F0C9F8362000F0B2F88A
:1039B0002AA0012100680090684600F0BFF8F020BE
:1039C00000F0A8F810A0012100680090684600F0FF
:1039D000B5F8F02000F09EF821A0012100680090C9
:1039E000684600F0ABF8132000F094F8112000F0C6
:1039F00091F8292000F08EF82046FFF7EBFEBDE895
:103A00001F4000F07FB80000C300000096000000D7
:103A100068000000050000008000000000020000B7
:103A20000203000480100000C60000002400000013
:103A300031000000408A00002919A533F009131253
:103A4000122B3C444B1B18171D210000F009130CCE
:103A50000D273B444D0B17171D210000EC00000003
:103A60006900000070B5094D4FF4805400222146D2
:103A70002846FEF7BEF90520FDF776FF21462846C9
:103A8000BDE870400122FEF7B4B90000000C01400F
:103A900000224FF400410148FEF7ABB90008014095
:103AA0002DE9F843164F0646984614460D46B87A57
:103AB00000F030F8300A8DF800008DF80160200A1F
:103AC0008DF802008DF803400421684600F036F8B6
:103AD000387B00F01FF8280A8DF800008DF801509F
:103AE0004FEA18208DF802008DF803800421684603
:103AF00000F024F8387ABDE8F84300F00BB8000075
:103B0000EC0000200122D1030148FEF772B9000049
:103B10000008014001B500224FF480510548FEF72E
:103B200068F94FF0FF33012269460348FFF73CF97B
:103B300008BD000000080140B405002070B50C4627
:103B40000546012211030648FEF753F9224629468D
:103B5000BDE870404FF0FF330248FFF725B9000081
:103B600000080140B40500202DE9F04786B000258B
:103B700041480095019502950395816941F0100136
:103B80008161816901F010010491816941F0200196
:103B90008161816901F020010491816941F0040192
:103BA0008161816901F004010491816941F008019A
:103BB00081618069DFF8C49000F008000490002261
:103BC00049F210014846FEF714F9012280214846C7
:103BD000FEF70FF9DFF8A8A000224FF482515046FB
:103BE000FEF707F90124CDE90045694648460294ED
:103BF000FEF70AF80820CDE9000569464846029517
:103C0000FEF702F848F21000CDE900040327CDE9E1
:103C1000024769464846FDF7F7FF4FF484500226F5
:103C20008DE8710069464846FDF7EEFF4FF40860E5
:103C3000CDE90005694602945046FDF7E5FF4FF4D3
:103C40008058CDE90084CDE9024769465046FDF72A
:103C5000DBFF01AACDF8008082E870006946484683
:103C6000FDF7D2FF40208DE8710069465046FDF710
:103C7000CBFF06B0BDE8F08700100240000801400D
:103C8000000C01400B480A494FF4007201604FF4E8
:103C90008271416000218160C1600161C0E905124B
:103CA000C1610162416281620A21C162FEF7D2BF35
:103CB00000380040B405002010B586B00024134839
:103CC000009401940294039404940F4905940160B4
:103CD00040F2CF21C0E9011440F2E731C0E90314FA
:103CE00044618461FFF756FA4FF4805000906946B2
:103CF0000648FFF7C7FA049404A904480594FFF79F
:103D000015FA06B010BD0000002C01400C06002082
:103D1000FEE7FEE770B5044601831D46104604F039
:103D2000BFFA034904F0C6F92060658370BD000046
:103D300000007A447047010901EB810100F00F0097
:103D400000EB4100C0B27047002102E00A38C0B267
:103D5000491C0A28FAD2090740EA116070472DE988
:103D6000F04104460025C07B627BA37B42E0012A30
:103D700016D0032A14D0052A12D0072A10D0082AF8
:103D80000ED00A2A0CD00C2A0AD0042A10D0062AF7
:103D90000ED0092A0CD00B2A0AD0022A0DD028E016
:103DA0001F2B0CD30C2A05D101221346401C20E006
:103DB0001E2B04D30123521C1BE01C2B02D203F147
:103DC000010316E011D183B29E0710D16426B3FB24
:103DD000F6F706FB173636B94FF4C876B3FBF6F79D
:103DE00006FB17331BB91D2303E01D2B01D1032252
:103DF00001236D1C8D42BAD3D1B2E0736173DAB284
:103E0000A27300F05CF82073BDE8F08170B5044641
:103E1000FDF7F4FF05464FF47A7606E0FDF7EEFF76
:103E2000401BB04201D9032070BD20684068800665
:103E3000F4D52068416841F010014160002070BD58
:103E400070B504460068416821F010014160FDF73B
:103E5000D5FF05464FF47A7607E000BFFDF7CEFFA9
:103E6000401BB04201D9032070BD20684068800625
:103E7000F4D5002070BD00000348016841F0010145
:103E800001600248FEF726BDB8000020A005002012
:103E90000168086A496A89B241EA004070470068CF
:103EA00081698AB2C1698BB2816989B28A4203D0C1
:103EB000C06961F31F40704743EA02407047F0B5A4
:103EC0006424C1EBC1030927A500072603EB0113F6
:103ED0000329B3FBF7F100F5FA60114401440AD25B
:103EE000401EB0FBF4F201EB9001B0FBF5F0891A33
:103EF0000844001D08E0B0FBF4F201EB9001B0FBB8
:103F0000F5F0891A0844801CB0FBF6F106FB11009D
:103F1000C0B2F0BD70B50D4606460024FFF776FF2F
:103F200048B93168280C08623168A8B24862304646
:103F3000FFF786FF00B10124204670BD70B50D4625
:103F400006460024FFF762FF48B93168280C8861F3
:103F50003168A8B2C8613046FFF772FF00B1012492
:103F6000204670BD024602208A4200DD0120002A60
:103F700000DC00207047F8B515460E460B4600924F
:103F800004460122022100F011F840B93346002214
:103F900080212046009500F009F8002804D0606DCB
:103FA00040F0200060650320F8BD00002DE9F843D3
:103FB0001E46914688460446089DFDF71FFF401B9C
:103FC000351AFDF71BFF074625480068C0F3CB30C4
:103FD000684338E0701C37D0FDF710FFC01BA842C3
:103FE00003D215B1009860B32CE02068416821F03D
:103FF000E00141606068B0F5827F0BD1A068B0F548
:10400000004F02D0B0F5806F04D12068016821F024
:1040100040010160A06AB0F5005F09D12068016825
:1040200021F4005101602068016841F400510160F1
:10403000012084F85100002084F850000320BDE8DE
:10404000F8830025401E00902068816838EA01004E
:1040500004D000214945BDD10020F0E70121F9E756
:10406000E80000207047FEF761B870B594B02821D1
:104070006846FCF790FA14210AA8FCF78CFA002491
:104080000F940920012510940090119412944FF47C
:10409000803004950695CDE901040226CDE907603C
:1040A0004FF4E01009906846FEF782FA0F20CDE940
:1040B0000A06A802CDE90C4002210AA80E94FEF7D8
:1040C0009BF96802CDE90F500FA8FEF71FF914B055
:1040D00070BD70470148FFF744B900000C0600208E
:1040E000F0B50268194B1A4C1A4D4FF080479842B0
:1040F00005D0B84203D0A04201D0A84203D122F09B
:1041000070064A683243984205D0B84203D0A042B4
:1041100001D0A84203D122F44074CA6822434C69FA
:1041200022F08002224302608A68C2620A688262C8
:10413000984201D109690163012141610169C907FF
:1041400003D0016921F001010161F0BD002C0140A3
:10415000000400400008004010B5846842EA0322D1
:1041600024F47F440A432243826010BD826822F017
:1041700070020A4342F007018160704710B5036A7C
:10418000046A24F001040462846924F0F00444EA1F
:10419000021423F00A020A438461026210BD10B5C2
:1041A000036A046A24F010040462846923F0A00303
:1041B00024F4704444EA023243EA0111826101624C
:1041C00010BD00002DE9F04104462048204A258B0F
:1041D00030F8110032F8111001EB8101C0EB410001
:1041E00006B275433046A56004F042F8216804F039
:1041F0006BF8616803F0FCFE07466060208A301AA5
:1042000001B2608B4843C4E9030604F031F8064666
:10421000284604F02DF8394603F0EAFE314603F053
:10422000E7FE04F009F800216061642802DD6E20D9
:10423000606102E0002800DA6161642D02DA15F1A4
:10424000320F00DC6160207DBDE8F0817C0600203B
:1042500088060020FEE700002DE9FE4F0C460546CB
:1042600000F0AEF84FF00009C8464F464FEA090685
:1042700000F09AF870B37F1C4FF0FF3AFFB253463C
:10428000012246494648FEF78FFD4449022301AA10
:10429000491C4348CDF800A0FEF739FE3F4953467C
:1042A0000122491E3E48FEF77FFD3C49022302AA37
:1042B000491C3B48CDF800A0FEF729FEBDF80800D8
:1042C000761C41BABDF80400F6B240BA8944804475
:1042D000102ECDD300F08EF8102F02D20020BDE8B2
:1042E000FE8F4FEA191240F2A46047F6181182427D
:1042F00001D2024602E08A4200D90A464FEA181368
:104300004FF4FA6147F60C308B4201D20B4602E0C3
:10431000834200D90346234847F2742147F23C36D2
:1043200087792FB1012F0AD0022F21D0032F27D058
:104330000788A2F2A4625743B7FBF1F106E00788B1
:10434000A2F2A4627A43B2FBF1F1791A2980408883
:10435000A3F5FA6300FB03F1B1FBF6F1401A2080EC
:1043600081B228884FF47842FDF7C6F90120B6E7FC
:104370000788A2F2A4627A43B2FBF1F1791A05E050
:104380000788A2F2A4625743B7FBF1F12980408865
:10439000A3F5FA635843B0FBF6F0E0E7F7AE000888
:1043A000B4050020EC00002010B508210348FDF7FB
:1043B0001BFD08B1002010BD012010BD0008014008
:1043C00010B50A48FEF72FFC00280ED10749282017
:1043D000C8610846FEF73EFC002806D10022BDE871
:1043E000104010210248FDF704BD10BDB4050020A7
:1043F0000008014010B50848FEF715FC06490020EA
:10440000C8610846FEF726FC0122BDE810401021D5
:104410000248FDF7EEBC0000B40500200008014092
:10442000490050EAC12018BF04204A0D18BF40F0CF
:10443000010040F2FF72B2EB515F08BF40F0020092
:10444000012808BF052070470907090E002804DB72
:1044500000F1E02080F80014704700F00F0000F138
:10446000E02080F8141D704730380A2801D201205E
:10447000704700207047000038B50B4C606940F071
:1044800040006061606900F0400000900748FDF75F
:1044900046FA07492E220548FDF72AFA616921F0FC
:1044A0004001616138BD000000100240C8000020DA
:1044B000740100202DE9F04FFC4DDFF8F4A3F94E14
:1044C000296889B041F008039AF9001096F800C0F5
:1044D0004C1C64B204944C1E64B20794F54CF74F24
:1044E000F14A94F900400694F34C3F88DFF8E083EA
:1044F000B4F900B0009712780392F14A002702EB5A
:1045000081020592EF4AB8F80080DFF8BC9392F878
:1045100000E0CDF80880DFF8B883EC4ABCF1090F61
:10452000B8F80280CDF804800FD2DFE80CF0051255
:104530002278FCFBFAF9F80020B1012806D0022805
:1045400003D103E02B6003F06FFB6AE330702B6054
:1045500094E230B1012871D0022804D00328F4D1AC
:1045600004E03770D6E103F049FC5AE301F0D2FFD2
:1045700057E30028F5D04FF0FF32012804D002287D
:1045800008D00328E1D10CE004998AF8001007292B
:1045900070DC46E307998AF800109142D5DA0721CA
:1045A00012E3C44A117003223270A1B1012912D062
:1045B000022913D003291ED004291FD0052922D097
:1045C000062923D0072926D0A4F800E00A2060801D
:1045D000042030709EE139F8110019E0BEF1030F9C
:1045E00003D0BEF1020F03D094E1B9F804000FE04C
:1045F000B9F806000CE0B9F8080009E099F80A10CB
:104600008AF80010EBE2B9F80C0001E0B9F80E00EE
:1046100024F811007EE18AF800702780B0E10329B8
:1046200008DA4FF06E0CA2F800C04FF0120CA2F89E
:1046300002C010E003D14FF4B46C09E024E1052975
:1046400001D0062907D1BEF1020F0CD04FF4FA7C3D
:10465000A2F800C05780082887D2DFE800F0AD0735
:104660000C2E101418224FF0640CF1E734F81100EE
:10467000401C0FE013E134F81100401E14E034F840
:1046800011000A3006E034F811000A380CE034F862
:104690001100323003B224F811301088834209DA55
:1046A000BFE234F81100323803B224F811305088D8
:1046B0008342F5DC24F81100B3E2DDE90221DFF8E2
:1046C00010820020019BFDF73BF8BA464FF4FC6BCB
:1046D000804FCDE901BA78680090B8F802106FF009
:1046E0003B0000EB510081B2B8F800206FF0590098
:1046F00000EB520080B278A23B68FDF7C3F86C482B
:1047000090F9000002282CD003283AD005283DD08B
:10471000062841D034F8102029F8102004E056E291
:104720009DE1F9E0A1E03FE003F07AFB98B300BF20
:104730004FF478414FF6E070CDE9010178680090C0
:10474000B8F802206FF0130101EB5201B8F8002015
:104750006FF0270000EB520089B280B262A23B6882
:104760007BE058490978032906D00229D6D134F8CC
:104770001010A9F80610D1E734F81010A9F80410A9
:10478000CCE734F81010A9F80810C7E734F8101077
:10479000A9F80C10C2E704E034F81010A9F80E10C4
:1047A000BCE7CDE901BA48E030B1012806D00228C3
:1047B0000CD0032809D112E002200AE70BF1010016
:1047C00000B22080032800DD27802AE2ABF101003F
:1047D00000B220800028F8DA0320208021E2DDE901
:1047E0000221DFF8EC800020019BFCF7A9FFB9460D
:1047F0004FF4FC6A374FCDE901A978680090B8F80A
:1048000002106FF03B0000EB510081B2B8F80020BD
:104810006FF0590000EB520080B22FA23B68FDF709
:1048200031F828492078087003F076F903F0F8FA97
:1048300000287FF47DAFCDE901A978680090B8F831
:104840000220142101EB5201B8F800006FF00902B8
:1048500002EB500080B227A23B68FDF713F84FF43B
:104860007A70FDF781F80220D6E138B101280BD02B
:10487000062202280ED00328A7D13DE00220307086
:1048800006988AF8000045E004998AF80010062985
:1048900070DCC6E107998AF80010002995DA8AF8D9
:1048A0000020BEE18C000020D8000020B8000020CD
:1048B000D0000020DA000020FC000020A80000202A
:1048C000BC0600208D000020880600201C0000206F
:1048D000EC0000200C000020C2C8CACECDC0DE20F3
:1048E000C7C0CFC8D1210000CFCECCC8CBCAC02111
:1048F000000000004F4B0000042903DA09EB4100DF
:10490000008A04E0CB4800EB4100B0F8860024F8B0
:10491000110032702B6084E171B14FF0320C01292B
:1049200010D002290ED0032909D004290AD0052964
:104930000FD0062910D014E04FF4E16C0EE04FF0D8
:10494000030C0BE0A2F800C04FF0010CA2F802C06B
:1049500007E04FF47A7C01E04FF0640CA2F800C04D
:104960005780082895D2DFE800F00B0A090D0807E8
:10497000060496E682E08AE685E680E67BE675E652
:10498000052026E6DDE90221DFF8AC820020019B4C
:10499000FCF7D6FEBA464FF4FC6BA84FCDE901BA3E
:1049A00078680090B8F802106FF03B0000EB5100FF
:1049B00081B2B8F800206FF0590000EB520080B2CD
:1049C000AFF2EC023B68FCF75DFF9D4890F90000F8
:1049D000042805DA34F8102009EB4000028206E0D2
:1049E000944A34F8101002EB4000A0F8861003F04F
:1049F00017FAC8B14FF478414FF6E070CDE90101E4
:104A000078680090B8F802206FF0130101EB5201B2
:104A1000B8F800206FF0270000EB520089B280B296
:104A2000AFF23C123B6812E0CDE901BA7868009021
:104A3000B8F80220142101EB5201B8F800006FF021
:104A4000090202EB500080B2AFF258123B68FCF74B
:104A500019FF4FF47A70FCF787FF0520DCE000288F
:104A60003FF40CAF012804D002280AD0032807D154
:104A70001AE004998AF80010082901D18AF8007018
:104A8000CFE0082030702B6005984088208000F12E
:104A9000640189B2643811805080B1F5805F02D31F
:104AA00040F6FF701080ACE0DDE90221DFF888B14C
:104AB0000020019BFCF744FE604C00214FF4FC6099
:104AC000CDE9010160680090BBF802106FF03B0077
:104AD00000EB510081B2BBF800206FF0590000EBF1
:104AE000520080B2AFF210222368FCF7CBFE9AF995
:104AF0000000DFF840E181B2A9F80A108946514A66
:104B00000021002002EB81030EEB810733F810C077
:104B100007EB4008401CC0B2A8F8BEC00228F5D37D
:104B2000491CC9B20829ECD32878C0F38001C0F32E
:104B300000131943C0F3C010014304D002EB8900F5
:104B4000408802F0CBFF03F06BF9C8B14FF4784115
:104B50004FF6E070CDE9010160680090BBF80220DB
:104B60006FF0130101EB5201BBF800206FF027003A
:104B700000EB520089B280B2AFF29422236815E0B4
:104B800000214FF4FC60CDE9010160680090BBF8A2
:104B90000220142101EB5201BBF800006FF0090262
:104BA00002EB500080B2AFF2B4222368FCF76AFE39
:104BB0004FF47A70FCF7D8FE02203070286840F07D
:104BC00008002860204801788AF8001029E030B1F8
:104BD000012806D002280DD0032822D115E0072095
:104BE000F7E40BF1050001B221801088814208DD55
:104BF000208006E0ABF1050001B22180508881429F
:104C0000F6DB208802F06AFF0BE0059821884180DE
:104C1000002002F063FF07203070286840F0080091
:104C200028603078002802D00849B420087009B004
:104C3000BDE8F08F4C010020EC0000200C000020AB
:104C4000D0000020BC060020DA00002098000020E0
:104C500030B5104B02EB420433F8242003EB8403FD
:104C600092B21D7AD41E2C44A4B290420BD3A0421F
:104C700009D898885B7A80B2C21E1A4492B28142E7
:104C800001D3914201D9002030BD03491E20087094
:104C9000012030BD0C0100209100002070B50646B7
:104CA0000020024612E0B45C5FF0000380EA0405D5
:104CB00015F0010F4FEA500001D080F08C005B1C12
:104CC0006408DBB2082BF1D3521CD2B28A42EAD379
:104CD00070BD00002DE9F04FFE48DFF8FC83FF4A6D
:104CE000008885B00F30A8F8000007CA8246FC484B
:104CF0000491934601784FF4616251434278807881
:104D0000C2EB021201EB8201F64C084403902068CA
:104D1000410707D5F44909890029F4A101D08B4640
:104D200000E08A4601074FF6E0752BD520F0080019
:104D30002060EF480088FCF7D3FC282201210320E3
:104D400002F0B8F92078C0F38001C0F300121143DB
:104D5000C0F3C010014304D0E6A200214FF61F00AB
:104D600003E0E6A200214FF4FC6001F0E5FBE5A2C0
:104D70000121284601F0E0FBE5A2022147F6FF7081
:104D800001F0DAFB0022D649E448FDF7FFFD0022DE
:104D9000E349E248FDF7D3FDE2484FF00F0CDFF89E
:104DA0008893A0F800C0CF484FF4784600684107C8
:104DB0000BD54FF4FC610020CDE90101D9F80410B6
:104DC0000091DAA2D9F8003018E0C10609D5002018
:104DD000CDE90105D9F804100091D6A2D9F8003028
:104DE0000CE0000610D547F6FF710020CDE9010167
:104DF000D9F804100091D9F80030D0A2B8F800100A
:104E00006046FCF73FFD12E0CDE90156D9F80410E9
:104E10000091CCA2B8F800106046D9F80030FCF739
:104E200031FDCA494FF6FF700880C9490880B04873
:104E3000C84CC9A20088CDE9015060680090B8F85C
:104E4000001078202368FCF71DFDC648C44900788F
:104E500051F82020C4A1C548FBF7E6F94FF6FF71D1
:104E60000020CDE9010160680090C04AB8F8001048
:104E7000BE202368FCF706FDB8F80000A94A2930D7
:104E800081B2A8F8001023201080B94A1288D307F5
:104E900006D0CDE9015662680092B6A2236819E0F7
:104EA000530606D5CDE9015662680092B7A2236881
:104EB00010E0D20506D5CDE9015662680092B9A28C
:104EC000236807E08A4A1288CDE90152626800929D
:104ED000BAA22368FCF7D6FC7F484FF000084FF6D3
:104EE000FF720188213189B20180CDE90128D9F80A
:104EF0000420009252460F20D9F80030FCF7C2FC83
:104F0000B448B0F90000B0F57A7F0DDA03F0B0F9DB
:104F1000B14903F0CFF803F03FF802460B46AFA1CA
:104F20009248FBF781F90FE040F2F641884207DA38
:104F30000A2190FBF1F2ABA18C48FBF775F903E075
:104F4000AAA18A48FBF770F980480021DFF8888120
:104F50000088CDE90101D9F804000090834AB8F82F
:104F600000103720D9F80030FCF78CFC5E48A1A176
:104F700002887E48FBF758F94FF6FF7A0021CDE909
:104F8000011AD9F804000090784AB8F80010AF2050
:104F9000D9F80030FCF776FCB8F80000614A2930F7
:104FA00081B2A8F8001023201080714A128893075C
:104FB00006D5CDE901566268009290A2236810E000
:104FC000120606D5CDE901566268009291A22368C7
:104FD00007E0474A1288CDE901526268009293A225
:104FE0002368FCF74FFC3C484FF000084FF6FF7277
:104FF0000188213189B20180CDE90128D9F8042046
:105000000092049A0F20D9F80030FCF73BFC71485D
:10501000B0F90200B0F57A7F0DDA03F029F96E4994
:1050200003F048F802F0B8FF02460B466BA14F4868
:10503000FBF7FAF80FE040F2F641884207DA0A215E
:1050400090FBF1F267A14948FBF7EEF803E067A196
:105050004648FBF7E9F83E494FF0000ADFF8C88000
:105060000988CDE9011AD8F804000090DFF86890AB
:105070003E4A3720B9F80010D8F80030FCF702FC9F
:1050800019485CA142883948FBF7CEF84FF6FF700B
:10509000CDE901A0D8F804000090344AB9F8001016
:1050A000AF20D8F80030FCF7EDFBB9F800001D4A3E
:1050B000293081B2DFF83880A9F800101E20108056
:1050C000B8F80020CDE90152626800925DA2236821
:1050D000C4E00000D8000020A2000020FCAE0008C0
:1050E000B2000020B8000020880600202D3E0000FD
:1050F000A8000020D1D2CECF00000000CFD3D1CA6B
:1051000000000000CAE5F0F3E2E0ED2E0000000030
:10511000CDE0EBE0F8F2F3E22E000000A005002065
:10512000D1000020A400002014000020204F4E20B9
:105130002000000056454E542000000050555247B4
:1051400020000000204F464620000000AA0000205A
:10515000AC0000200C000020D0C5C6C8CC3A00002E
:10516000240000208D000020253873005406002004
:105170009C0000202020CFCECCC8CBCAC020C4C009
:10518000D2D7C8CAC0204E31202000002020CFC571
:10519000D0C5C3D049C220C220CAC0CCC5D0492086
:1051A00020200000C249C4D549CBC5CDCDDF20D2D7
:1051B000C5CCCFC5D0C0D2D3D0C8000020D2C5CC7A
:1051C000CFC5D0C0D2D3D0C020C220CAC0CCC5D099
:1051D000492000007C0600200000204125332E31AC
:1051E000662420002535642420000000202D2D2D6C
:1051F000202000002533692E302420002020CFCE2F
:10520000CCC8CBCAC020C4C0D2D7C8CAC0204E3276
:105210002020000020CFC5D0C5C3D049C220C22065
:10522000CFD0CEC4D3CAD24920200000D2C5CCCF23
:10523000C5D0C0D2D3D0C020C220CFD0CEC4D3CA14
:10524000D2490000202020D2D0C8C2C0CB49D1D240
:10525000DC20D0C5C6C8CCD320202000FCF712FB30
:10526000B9F800002130A9F80000BA480078C0F36E
:105270008001C0F3C010014317D0B748827841784D
:10528000CDE9001203785A46B4A1B948FAF7CCFF29
:10529000B8F80000B64ACDE9015060680090B9F84E
:1052A00000100F202368FCF7EDFAAA48DFF8C4A22B
:1052B0000078BAF8081002064FF03C0009D5BAF899
:1052C0001010B1FBF0F200FB1213B1FBF0F2AAA137
:1052D00006E0B1FBF0F200FB1213B1FBF0F2AAA161
:1052E000A348FAF7A1FF4FF6FF7B0020CDE9010BA1
:1052F000606800909E4AB9F80010A5202368FCF76A
:10530000C1FAB9F80000213081B2A348A9F8001011
:10531000007801287ED9022802D0032816D038E070
:105320009E4803270078000706D5CDE9015660683E
:1053300000909BA2236807E0B8F800009CA2CDE98A
:105340000150606800902368502020E093480227B5
:105350000088420706D5CDE901566068009098A202
:10536000236813E080052ED59B48B0F90420BAF8D5
:105370000400CDE9015600EB8000B2EB400F6068FD
:105380000090236801DA95A200E09AA21E20FCF7A3
:1053900079FAB9F8001090482131A9F8001030F9D5
:1053A0001700B0F57A7F17DA02F062FF974902F032
:1053B00081FE02F0F1FD02460B46AFF2E0116C48AF
:1053C000FAF732FF1AE0B8F8000091A2CDE90150D7
:1053D000606800902368D9E740F2F641884208DA15
:1053E0000A2190FBF1F2AFF204216148FAF71CFFA9
:1053F00004E0AFF208215E48FAF716FFDFF828B2A2
:1054000000214FF6FF70CDE90101DBF804000090A8
:10541000574A00E022E0B9F800103720DBF80030EE
:10542000FCF730FA3AF81720AFF238215048FAF773
:10543000FBFE4FF6FF710020CDE90101DBF804000F
:1054400000904B4AB9F80010AF20DBF80030FCF7B1
:1054500019FAB9F800002930A9F80000DFF8F4B013
:105460009BF80000C00625D54C480088000509D5EA
:10547000CDE90156606800906CA2B9F800101E20BA
:10548000236815E0BAF80A006F4931F820306F48F8
:105490006FA102693648FAF7C7FEB8F80000344A2F
:1054A000CDE9015060680090B9F800100A20236827
:1054B000FCF7E8F9B9F800004F461C3081B2A9F8B2
:1054C0000010DFF8D490674899F80020032A36D2FC
:1054D0009BF80020D20632D5039A022A2FD90C2A33
:1054E0002DD2614B0A221A7000960088382350385A
:1054F00082B22820FCF724F999F80000CDE9015682
:105500000028606800903888236800F1050081B2A7
:1055100002D056A2462001E059A24120FCF7B2F980
:10552000CDE901566068009038885AA2233081B2D4
:105530006E202368FCF7A6F905B0BDE8F08FB8F837
:105540000020009200883823503882B22820FCF7CF
:10555000F7F8F1E7B8000020B200002025327320F0
:10556000253032753A253032753A253032752000B3
:105570005406002088060020202569F5E2EB2E2540
:10558000303269F1E5EA2E00202569E3EEE42E25AC
:10559000303269F5E2EB2E008D0000209C000020E7
:1055A000CFCECCC8CBCAC020C4C0D2D7C8CAC000D6
:1055B000C2CECBCEC3C8C920C4C0D2D7C8CA20006F
:1055C00020202020CFCECCC8CBCAC020C4C0D2D788
:1055D000C8CAC020202020007C060020C4C8CC20DF
:1055E000CDC8C7DCCACEDA20D2C5CCCFC5D0C0D298
:1055F000D3D0C800C4C8CC20C2C8D1CECACEDA200D
:10560000D2C5CCCFC5D0C0D2D3D0C8000000204175
:1056100020202020202020C4C0D2D7C8CA20C4C83F
:10562000CCD3202020202000140000202020CDC535
:1056300020CFD0C0D6DEDD20C2C5CDD2C8CBDFD2D0
:10564000CED0202000000000BC0600203400002046
:10565000253132733A2025346920EEE12FF5E2EB53
:105660002E000000EC00002091000020C7C0CAD02E
:10567000C8C9D2C520C7C0D1CBDBCDCAC800000085
:10568000C2DBC4CAD0C8C9D2C520C7C0D1CBDBCD0C
:10569000CAC80000E2E5EDF2E8EBFFF6FBFA2100F4
:1056A0002DE9F04F7B487C4D87B000887C4F0A3055
:1056B00028807A487B4E4FF6E07901680A072FD59B
:1056C000794C21F0080101602088FCF709F8208856
:1056D0004C46CDE9019078680090308873A23C3048
:1056E00080B229883B68FCF7CDF8282201210420EC
:1056F00001F0E0FC71A200211F2000F01DFF71A24B
:105700000121204600F018FF70A202214FF61F0071
:1057100000F012FF6EA2032147F6FF7000F00CFFAD
:105720002888B8461730288000244FF6FF7A48F2C0
:10573000304B0120A040C7B2664867A150F8242032
:105740006648FAF771FD621C65A103A8FAF76CFDC3
:1057500003A96248FAF713FF63480057002801DAEB
:1057600062A102E001280BD062A15C48FAF707FFB2
:10577000624890F90000844204D10020514603E0C1
:105780005FA1F2E750460021CDE90101D8F80400FD
:1057900000903088514A0A3080B22988D8F8003009
:1057A000FCF770F858480078384201D0484600E0CD
:1057B0005846009030881223C83080B21E222988B3
:1057C000FBF7BEFFACB9514851A102784348FAF744
:1057D0002BFD3548414A0188CDE90191D8F80400F4
:1057E000009030882988F03080B2D8F80030FCF77B
:1057F00049F82888641C1730E4B22880072C98D315
:1058000080B2173081B229800020CDE901A0D8F8FC
:1058100004000090308857462830444680B23EA2AB
:10582000D8F80030FCF72EF801213E48FCF7DCFAEE
:1058300058B35846009030881223963080B21E220A
:105840002988FBF77DFF288837A2173081B229808D
:105850000020CDE90170606800903088236828300E
:1058600080B2FCF70FF880213248FCF7BDFA70B126
:105870005846009030881223963080B21E22298824
:10588000FBF75EFF07B0BDE8F08F4846D2E7484619
:10589000EFE70000D8000020A2000020B8000020A0
:1058A0000C000020A4000020A8000020D1D2C0CD10
:1058B00020C2C8D5CEC4DBC200000000C2E8F5FBA0
:1058C000E4000000C2E8E1FBF00000002B00000053
:1058D0002D000000700000202537730054060020C2
:1058E000204E25753A200000C00000204155544F3D
:1058F00000000000204F464600000000D0000020BD
:10590000204F4E2000000000BC000020940000202A
:105910002533752025250000C2D5DBC4204E313A41
:105920000000000000080140C2D5DBC4204E323A1E
:1059300000000000000C01402DE9F04F7648774D43
:1059400087B00088764E2880052030807548016831
:105950000A0722D521F00801016073480088FBF78F
:10596000BFFE28220121042001F0A4FB6FA2002128
:105970001F2000F0E1FD4FF4FC646EA201212046DF
:1059800000F0DAFD6CA20221204600F0D5FD6BA2EA
:1059900003214FF6E07000F0CFFD28884FF0FF3470
:1059A0000A302880DFF89CA14FF6FF79DFF898B124
:1059B000DFF89881664F12E0601C10D0032C14D0E1
:1059C000042C23D0052C2AD0062C40D0072C5AD0EA
:1059D0009AF80000022863D003286AD06BE09AF896
:1059E00000105BF821205BA150E05F483C2100895A
:1059F000B0FBF1F2B0FBF1F301FB12025B48009245
:105A00005BA1C2686048FAF70FFC42E05648418942
:105A10005E4830F8213055485DA102695AE052488D
:105A2000808900285FD09AF80010022909D002F07E
:105A300037FC00BF02F0B0FACDE900014B484269E3
:105A400016E002F02DFC574902F034FBF2E746481D
:105A5000C089002847D09AF8001002290DD002F022
:105A60001FFC00BF02F098FACDE900013F488269AF
:105A70004DA14548FAF7D8FB0BE002F011FC49496B
:105A800002F018FBEEE73948C2694BA13E48FAF72D
:105A9000CBFB98F90000844227D10021484626E03C
:105AA000022C08D10320009045A103A8FAF724FD99
:105AB00009E0022C12D02D48009450F8242043A174
:105AC00003A8FAF7B1FB2848009930F8113053B118
:105AD00003AA40A12C48FAF7A7FBDAE702200090BE
:105AE00022488268EBE73EA2CFE749460020CDE995
:105AF000011078680090244A298830883B68FBF7B9
:105B0000C1FE2888641C173064B22880082CFFF678
:105B100053AF07B0BDE8F08FD8000020A2000020EE
:105B2000A4000020B8000020A8000020C2E8F5FB77
:105B3000E4000000760000005E000000C2E8E1FB27
:105B4000F00000008D00002024000020D000002084
:105B50000C00002020202020202020D0C5C6C8CC4A
:105B60003A20253873000000880600203400002009
:105B7000253132733A202569E3EEE42E253032696F
:105B8000F5E2EB2E0000000054060020BC060020C9
:105B9000253132733A2025346920EEE12FF5E2EB0E
:105BA0002E00000000002041253132733A202532BA
:105BB0002E3166F1E5EA2E00253132733A000000FD
:105BC0007420C2CECBCEC3CEC3CE000025313273FB
:105BD00000000000253132733A202533692420006B
:105BE0002D2D2D2D2D0000002DE9F04F6F48704C0C
:105BF00087B000886F4E2080052030806E48016895
:105C00000A073AD521F0080101606C480088FBF7CB
:105C100067FD28220221042001F04CFA68A200212D
:105C20001F2000F089FC4FF4FC6567A20121284683
:105C300000F082FC65A20221284600F07DFC64A2EF
:105C400003214FF61F0000F077FC4FF6E07562A2CB
:105C50000421284600F070FC60A20521284600F0CF
:105C60006BFC47F6FF755EA20621284600F064FC37
:105C70005CA20721284600F05FFC20885B49323097
:105C800020805948DFF868815A4F90F90050DFF8BA
:105C900068B14FF000094FF6FF7A032D47DA022D65
:105CA00011D058F8252055A15648FAF7BDFACDE98C
:105CB00001A9DBF8040000903088524A143080B209
:105CC000DBF8003013E0087802282BD04EA103A89F
:105CD000D8F80820FAF7A8FACDE901A9DBF8040002
:105CE00000903088DBF80030143080B203AA21889D
:105CF000FBF7C8FD3C4846A190F9000037F9102099
:105D00004048FAF791FA2088434A001F81B2218067
:105D1000CDE901A95068009030881368B43080B292
:105D2000384A37E03DA103A8FAF7E6FBD4E710D1E3
:105D3000B7F906003C2290FBF2F190FBF2F302FB74
:105D40001101009138A12F48D8F80C20FAF76CFA0D
:105D500014E0052D01D0062D10D10878022837F95E
:105D600015001CD002F084FA02F016F9CDE900010A
:105D700058F8252032A12348FAF756FACDE901A9AF
:105D8000DBF80400009030881E4A143080B221886D
:105D9000DBF80030FBF776FD07B0BDE8F08F02F0CE
:105DA00067FA2B4902F086F9DEE70000D8000020F0
:105DB000A2000020A4000020B8000020A8000020BD
:105DC000CEF2EC2E000000002B3100002D3100003F
:105DD000C7E0EF2E000000002B3130002D313000E5
:105DE0002B3530002D353000D00000208D000020F4
:105DF00034000020FC0000200C000020253132730C
:105E00003A000000540600202531327300000000E3
:105E10002533692400000000140000207420C2CE45
:105E2000CBCEC3CEC3CE0000253132733A202569D4
:105E3000E3EEE42E25303269F5E2EB2E000000009F
:105E4000253132733A2025322E3166F1E5EA2E00F3
:105E5000000020412DE9FE4F3D483E4D3E4900885F
:105E60002880052008803D484FF4FC6A01680A0735
:105E700021D521F00801016039480088FBF730FC8A
:105E800028220121042001F015F936A200211F204B
:105E900000F052FB35A201215446504600F04CFB65
:105EA00033A20221204600F047FB32A203214FF625
:105EB000E07000F041FB3148B0F90220B0F9001069
:105EC0008A4243D041802988DFF8B4803231DFF83C
:105ED000B4B02980002481462B482CA150F82420FE
:105EE0002B48FAF7A1F9B9F90000A04202D1002726
:105EF000564603E04FF6FF7748F230460096288872
:105F0000B8F80020143881B26FF0450000EB520061
:105F100080B23C238C22FBF713FCCDE90176DBF841
:105F200004000090B8F800206FF0310000EB520040
:105F300080B2174A2988DBF80030FBF7A3FC2888D9
:105F4000641C4130E4B22880042CC5D3BDE8FE8F28
:105F5000D8000020A2000020A4000020B8000020EB
:105F6000A8000020C2E8F5FBE40000007600000075
:105F70005E000000C2E8E1FBF0000000FC00002031
:105F8000EC0000200C0000202400002025387300C5
:105F9000540600202DE9FE4F4348444D444F0088ED
:105FA000288005203880434801680A0722D521F05F
:105FB0000801016040480088FBF792FB282201217C
:105FC000042001F077F83DA200211F2000F0B4FA70
:105FD0004FF4FC643BA20121204600F0ADFA3AA246
:105FE0000221204600F0A8FA38A203214FF6E07003
:105FF00000F0A2FA2888374E0A30288000244FF695
:10600000FF7BDFF8D4A0B846DFF8D0900FE074B182
:10601000012C11D0022C16D0032C2AD0304856F86F
:10602000242000EB4400B0F886302EA107E0304F6A
:1060300030A132683B8A02E07B8A726831A1344821
:10604000FAF7F2F80EE0B88A02F02AF9314902F0C4
:1060500031F801F0A1FFCDE900012FA12C48B26871
:10606000FAF7E2F89AF90000844205D10021584677
:1060700004E0FB8AF268D8E759460020CDE9011018
:10608000D9F804100091224A2988B8F80000D9F8FC
:106090000030FBF7F7FB2888641C1730E4B2288037
:1060A000072CB4D3BDE8FE8FD8000020A20000204A
:1060B000A4000020B8000020A8000020C2E8F5FBE2
:1060C000E4000000760000005E000000C2E8E1FB92
:1060D000F000000054000020D00000200C00002040
:1060E0004C010020253132733A202533690000002D
:1060F00088060020253132733A20253369F1E5EA1C
:106100002E000000253132733A2025336924000027
:106110005406002000002041253132733A202532F8
:106120002E316624000000002DE9FE434D484E4C00
:106130004E4D00882080052028804D4801680A07C0
:106140003AD521F0080101604A480088FBF7C8FAF7
:1061500028220221042000F0ADFF47A200211F20C9
:1061600000F0EAF94FF4FC6645A20121304600F048
:10617000E3F944A20221304600F0DEF942A20321F5
:106180004FF61F0000F0D8F94FF6E07640A2042148
:10619000304600F0D1F93FA20521304600F0CCF99D
:1061A00047F6FF763CA20621304600F0C5F93BA237
:1061B0000721304600F0C0F920883A4E3230208066
:1061C000374896F9001050F8212037A13848FAF7DF
:1061D0002BF800274FF6FF783649CDE9018748684C
:1061E000009028880B68143080B2314A2188FBF770
:1061F00049FB96F900003049D8B101281DD002288A
:106200001FD031F910202DA12948FAF70DF8208868
:106210002B4A001F81B22180CDE901875068009090
:1062200028881368B43080B2214AFBF72BFBBDE805
:10623000FE83B1F9002023A1E6E7B1F9022023A1F2
:10624000E2E7B1F9040002F013F8224901F032FF4D
:1062500001F0A2FE02460B461FA11548F9F7E4FF24
:10626000D5E70000D8000020A2000020A4000020F4
:10627000B8000020A8000020CEF2EC2E00000000A4
:106280002B3100002D310000C7E0EF2E0000000090
:106290002B3130002D3130002B3530002D353000C2
:1062A00054000020D0000020253132733A00000055
:1062B000540600200C000020FC000020253469005A
:1062C0001400002025336963656B2E002533692493
:1062D000000000000000204125312E31662400001E
:1062E0002DE9FE4F2E482F4D2F4F008828802F4933
:1062F000052038800868020722D520F008000860D1
:106300002B480088FBF7ECF928220121042000F03B
:10631000D1FE28A200211F2000F00EF927A20121A2
:106320004FF4FC6000F008F925A202214FF61F008F
:1063300000F002F924A203214FF6E07000F0FCF80F
:106340002888B8460A30DFF88890DFF888A0224F06
:10635000288000244FF6FF7639F824201FA1224818
:10636000F9F762FF9AF90000844202D10020314619
:1063700001E030460021CDE90101786800901A4A19
:106380002988B8F800003B68FBF77CFA2888641C71
:106390001730E4B22880082CDED3BDE8FE8F000061
:1063A000D8000020A2000020A4000020B800002097
:1063B000A8000020C2E8F5FBE40000007600000021
:1063C000CAEEF0E5EA000000C2E8E1FBF0000000E0
:1063D000BC060020D00000200C00002025347520D1
:1063E000EEE12FF5E2EB2E0054060020FEB5244826
:1063F000244C254D008820800520288023480168F2
:106400000A0722D521F00801016021480088FBF726
:1064100067F928220121042000F04CFE1DA2002172
:106420001F2000F089F84FF4FC661CA201213046C1
:1064300000F082F81AA20221304600F07DF819A27D
:1064400003214FF61F0000F077F8208818A13230A2
:1064500020801648B0F900201C48F9F7E5FE00211D
:106460004FF6FF70CDE901011949184A48680090BC
:1064700028880B68143080B22188FBF703FAFEBD30
:10648000D8000020A2000020A4000020B8000020B6
:10649000A8000020CEF2EC2E000000002B0000002F
:1064A0002D000000C7E0EF2E00000000FC000020DF
:1064B000C7EDE0F7E5EDEDFF3A2030782530337891
:1064C00020E2FBE42EEEE4E8ED2E0000540600206E
:1064D0000C0000200E480078092816D2DFE800F0F2
:1064E000150507090B0D0F111300FFF7D9B8FFF7BA
:1064F00023BAFFF779BBFFF7ADBCFFF74BBDFFF742
:1065000013BEFFF7EDBEFFF771BFFEF7E3BB000060
:106510008C0000200748064990F900000A5C521ED2
:1065200052B20A54012A01DD01220A5470470000C8
:10653000C0000020D00000202DE9F74F01EB410200
:106540003D49824601EB820084B0037A019390F8C2
:1065500009B031F8221080888DB284B25B46CDF844
:1065600000A021462846019AFBF7EAF833484FF687
:10657000FF770088E8B10020CDF808005FEA0A0044
:1065800003D0BAF11F0F00D000275B46CDF800A062
:1065900021462846019AFBF7D3F8601E0090019827
:1065A0002E46284400F1010904EB0B0000F101081C
:1065B0000FE00297E2E70098029A81B23046FBF7BB
:1065C0009BF81FFA88F13046029AFBF795F8761C83
:1065D000B6B2B145EFD8681E264600900DE000988F
:1065E000314680B2029AFBF787F81FFA89F03146EC
:1065F000029AFBF781F8761CB6B2B045EFD8069840
:10660000F9F79EFF00EB400101EBC00101980C4A35
:10661000CDE9017A05EB5000A0EB5100536804EB83
:106620005B0100930939136880B289B2069AFBF7BF
:1066300029F907B0BDE8F08F0C010020A800002068
:106640000C00002010B500F063F8CC2000F006F933
:10665000BDE81040442000F001B9000010B572B64A
:106660000B4C4FF0006020600120FAF79BFFE01414
:1066700020600A20FAF796FF054808380068C0F342
:10668000C0241E20FAF78EFF62B6204610BD00001F
:10669000100C014070B500254FEA0504FFF7DEFF3E
:1066A000A040641C2844E4B2C5B2082CF6D32846A6
:1066B00070BD00007CB5054600F02AF8552000F0BA
:1066C000CDF81248002400EBC505285D00F0C6F89F
:1066D000641CE4B2082CF8D3BE2000F0BFF80024FC
:1066E0004FEA0D05FFF7D6FF2855641CE4B2082CCD
:1066F000F8D3FFF7CFFF044608216846FEF7CEFA2D
:10670000A04201D101207CBD00207CBDDC06002020
:1067100070B50D4C4FF0006020604FF49675284620
:10672000FAF740FFE01420602820FAF73BFF064804
:1067300008380068C0F3C0242846FAF733FF0CB1CC
:10674000012070BD002070BD100C01402DE9F05FEC
:10675000DFF8D090834601254FF0000899F800003B
:1067600044462F4620B9FFF7D3FFF02000F076F81B
:10677000DFF8B0A00AF1030AFFF770FF0646FFF743
:106780006DFF012E01D101282BD0864203D0304667
:10679000012E09D013E099F80100854208D21AF8B9
:1067A0000400384006D001201AF804203A4309E0DA
:1067B000F9D00020A846092D01D289F802801AF8E4
:1067C0000420BA430AF8042000F02EF86D1C78006B
:1067D000EDB210F0FF0702D1641CE4B20127082CCF
:1067E000CAD3412D15D35FEA080189F8011002D1FF
:1067F000012189F800109AF800100120524641B199
:106800000021545C0BF80140491C0829F9DBBDE864
:10681000F09F002189F8011089F8001089F8021012
:106820000846F4E70000002070B5040072B60A4D77
:106830004FF00060286001D0012000E02D20FAF721
:10684000B1FE4FF4006028600CB12D2000E0012063
:10685000FAF7A8FE62B670BD100C014070B505468F
:106860005FF0000425FA04F000F00100FFF7DCFF00
:106870000220FAF797FE641CE4B2082CF2D370BD34
:106880007CB5054600246846FFF760FF80B107210C
:106890006846FEF703FA04469DF80700A04207D1B8
:1068A0000448009900EBC500012401600199416092
:1068B00020467CBDDC0600202DE9F04F89B0002584
:1068C0004FF6FF7B07462C46DFF8E483F94EA946D6
:1068D000DFF8E4A3CDF818B013E000BF06EBC40066
:1068E0000390C07948B12046FFF7E4FE002836D077
:1068F000F2480178491C017001E06D1CEDB2641C86
:10690000E4B2BC42EAD3002D7ED04FF61F01CDE9A0
:106910000119DAF8040000905446E9A2454698F8B7
:1069200000100F20DAF80030FAF7ACFF2878EBA25D
:106930001730C1B22970CDE901B960680090032019
:106940002368FAF79FFF41F28830FBF70DF8EB4818
:106950000088FAF7C5FE05202870002410E1621CAB
:10696000E7A1ED48F9F760FC4FF6E0714FF478408D
:10697000CDE90101DAF804100091E74A98F8001017
:106980000520DAF80030FAF77DFF98F8000017309C
:1069900088F80000039981F80790AEE706EBC4057C
:1069A000E87900287DD1621CDCA1DB48F9F73CFCCA
:1069B0000699CDE90119DAF804100091D64A98F841
:1069C00000100520DAF80030FAF75CFF40F6B83026
:1069D000FAF7CAFF2046FFF753FF00287DD098F84A
:1069E0000000621C173088F8000000200790D2A138
:1069F000C948F9F719FCCDE901B9DAF804000090AB
:106A0000C54A98F8001000E03EE10520DAF80030B1
:106A1000FAF738FF98F800000DF1080C173088F8E5
:106A200000002879EB79AA7969798CE80F00E97878
:106A3000A878CDE900016B7816F83420C4A1B648D7
:106A4000F9F7F2FBCDE901B9DAF804000090B24A97
:106A500098F800100520DAF80030FAF713FF00224A
:106A600029E0944225D006EBC201E879C979884231
:106A70001FD185F8079098F800004546173088F830
:106A80000000BDA1A448521CF9F7CEFB4FF61F0130
:106A9000CDE90119DAF8041000919F4A2978052000
:106AA00000E06BE0DAF80030FAF7ECFE40F6B830C0
:106AB00038E0521CD2B2BA42D3D380494546621C58
:106AC0000878401C087098F80000B3A1173088F8C7
:106AD00000009148F9F7A8FB00E02CE04FF4FC60BF
:106AE000CDE90109DAF8040000908B4A29780520E5
:106AF000DAF80030FAF7C6FE2878AFA21730C1B234
:106B00002970CDE901B9DAF8040000900320DAF821
:106B10000030FAF7B7FE0020CDE906B0641CE4B2FD
:106B200041F28830FAF720FF74480088FAF7D8FD60
:106B30000520287024E00798401CC0B20790012867
:106B400009D002280AD003280CD00020CDE906B0D5
:106B5000032C15D109E04FF6E07001E04FF61F005D
:106B600006900DE04FF47840FAE70020291811F85C
:106B7000081C2954401CC0B20828F7D3641CE4B296
:106B8000BC42FFF40BAF0020934B0FE0002106EB5B
:106B9000C00403EBC002655C02EB010C491CC9B2E6
:106BA0008CF89E500829F6D3401CC0B2B842EDD3F1
:106BB00052480088FAF794FD4FF4FC67CDE901795B
:106BC000864DDAF80400009068886FF03B0101EB15
:106BD000500081B228886FF0590202EB50004E46F7
:106BE000544680B27EA2DAF80030FAF74BFE01F08C
:106BF00017F96FF01301A0B14FF478424FF6E0702F
:106C0000CDE901026068009068886FF0270201EB0F
:106C1000500081B22888236802EB500080B274A231
:106C20000FE0CDE901766068009068886FF0090296
:106C300001EB500081B22888236802EB500080B23B
:106C40006EA2FAF71FFE4FF47A70FAF78DFE2B4D05
:106C50002888FAF745FDCDE901B66068009098F8FC
:106C60000010236866A2444603203C31FAF70AFE6E
:106C700041F28830FAF778FE2888FAF731FD0520CE
:106C8000207009B0BDE8F08F4FF4FC60CDE9010938
:106C9000DAF80410009162A2444698F8001005202A
:106CA000DAF80030FAF7EEFD20781730E8E7000058
:106CB000A2000020DC0600200C000020950000202F
:106CC000CFEEF2F0FBE1EDEE20E4EEE4E0F2E820BE
:106CD000E4E0F2F7E8EAFBE221000000C7E0F0E0C0
:106CE000E720E2FBE4EAEBFEF7FBF2FC20F3F1FB2A
:106CF00020E4E0F2F7E8EAE800000000A800002045
:106D0000C4E0F2F7E8EA204E257520E2FBE4F1F357
:106D1000F2EDFBE92100000054060020CFFBE4EA7D
:106D2000EBFEF7FBF2FC20F2FBEAFB20E4E0F2F7DB
:106D3000E8EA204E25750000C4E0F2F7E8EA204EAC
:106D4000257520EFF0EEF7E8F2E0EDE8E92E00001F
:106D50002530325820253032582025303258202511
:106D600030325820253032582025303258202530F6
:106D70003258202530325800D6E520E4E0F2F7E81A
:106D8000EA204E257520EFEEF2F0FBE1E5ED20FB69
:106D9000EDF8E8E921000000C4E0F2F7E8EA204E4F
:106DA000257520E3EEF2EEE2E8E920E4EE20F0EED5
:106DB000E1EEF2E82E200000D2E5EFE5F020E2FB64
:106DC000E427FDE4EDE0E9F2E520F6E5E920E4E082
:106DD000F2F7E8EA000000004C010020EC0000207F
:106DE000C2C8CACECDC0DE20C7C0CFC8D1210000E6
:106DF000CFCECCC8CBCAC021000000004F4B000052
:106E0000D2E5EFE5F020EFFBE4EAEBFEF7FBF2FC66
:106E100020F3F1FB20E4E0F2F7E8EAE800000000EC
:106E2000D3F1FB20E4E0F2F7E8EAE820EFFBE4EA44
:106E3000EBFEF7E5EDFB2E0010B54FF400610948BD
:106E4000FAF756FE0748001D016841F44051016001
:106E5000016841F480410160016821F40041016052
:106E600010BD0000000C01400F4910B5B1F9002021
:106E70000C4C531E1BB218B11AB90020E28904E071
:106E80000AB10B8005E0A289012002EB82025200C8
:106E90000A800649B1F90010B1F5C87F00DA002078
:106EA00010BD000088060020D60000207C060020CF
:106EB0000C49B1F90020002A11DB0B461B885B1E30
:106EC0001BB228B10AB10B8070470020421E04E0BB
:106ED000002AF8D1044A012092890A8070470020D4
:106EE00070470000D6000020880600202DE9F04100
:106EF00000266C4A6B486C4CE832314608C844F8AE
:106F00002130491C9042F9D3FDF7B6FAD4F8E010CD
:106F1000814201D046F002066449A06A884201D14C
:106F2000002E7DD0002046F00106054644F8205092
:106F3000401CC0B20A28F9D3A16224F82C5F46276E
:106F400067803C20A080E5802581B4216181A581F6
:106F5000E5812582782060820520A082E082258359
:106F6000472262833D22A283E5832584AA2262848C
:106F70000122A284E584258579226285A085E085A9
:106F80002586482262863E22A286E5863422228712
:106F9000A02262870222A2870623E3871223A4F895
:106FA00040307A23A4F84230A4F84400A4F8460004
:106FB00024F8485F492363803F23A3803523E3807F
:106FC0002581962363810323A381E18122827B2192
:106FD0006182A082E08225836083A7831E20E083F4
:106FE0000020411E743C2218401CC0B282F894104C
:106FF0000828F8D300202218401CC0B282F89C1048
:107000000228F8D30020002104EBC0025318491CC9
:10701000C9B283F89E500829F8D3401CC0B200E0E2
:1070200037E00428EFD34FF47A70A4F8BE004FF491
:10703000387024F8C00F4FF49660608040F29240A0
:10704000A0804FF4AF60E08040F23C602081001DE2
:10705000608140F2E670A0814FF4E160E08140F68B
:10706000981020824FF4FA60608240F63D30A08292
:1070700040F69800E08240F6EC4020834FF4166022
:10708000608340F6FF70A083FDF7F6F9C4E90805B8
:10709000C03C074994F82C00087000F03DFD3046D4
:1070A000BDE8F08100FC00084C01002001036319D9
:1070B0008D0000202DE9F04F244B8946022814D082
:1070C000032810D004280CD01988891F89B2142AEB
:1070D00000D214225B889B1A1B1F00259BB22E46F0
:1070E00029E04821F3E76421F1E79621EFE700BFAB
:1070F0004FF0040E002401F1080B01F0FF0A10E02C
:1071000005EB450C04FB0BE8114F6D1C641C47F8A4
:107110002C8007EB8C07EDB287F808A07A72E4B2F6
:107120007B608442ECD31B1FC9F1010402FB0433D2
:10713000761C9BB2F6B24E45DAD3064900FB09F045
:107140000B7005490870BDE8F08F0000EC000020CE
:107150000C010020A60000208E0000200EB5FAF7DA
:10716000EDFFFCF782FFFCF7FFFCFE48FC49002620
:107170000160FD49C0E901164FF48041C0E9036197
:1071800046618661C6610662FAF73EFEF548F74938
:1071900054300160711E41604FF480718160FBF7D3
:1071A00061FCFCF789FDF349F14808600846FAF7ED
:1071B000B6FBFCF767FD002000F090FCDFF8B88319
:1071C0000122402144464046FAF713FEC820FAF750
:1071D000CBFB002240212046FAF70BFEE54CE74F9F
:1071E0003C3C4FF6FF75A683E58378884FF0050A8F
:1071F00016386083A4F816A00020FCF72BFBA08BA8
:10720000FAF76EFAB879C00738D064202083A08BD3
:107210004FF6FF75CDE90150D948DAA241680091D7
:107220000368E18A2320FAF72DFBA08BD8A2CDE9D1
:107230000150D64D68680090E08A2B68401D81B2ED
:10724000A520FAF71FFBE08A3530E082FFF74EFEFB
:107250000746FFF7F1FD0420FFF72EFB87B14FF63D
:10726000E070012F15D0032F58D04FF61F00CDE945
:10727000010668680090C8A22B6810E01420C5E7DA
:107280004FF4FC60CDE9010668680090C7A22B6846
:1072900005E0CDE90106686800902B68C9A2E18A83
:1072A0000520FAF7EFFAE08A1730E0826FB3DFF8D3
:1072B0002C93CBA1CF48D9F8E020F8F7B5FF4FF6D3
:1072C000FF77CDE9017668680090CA4AE18A052017
:1072D0002B68FAF7D7FAE08AC7A11730E082C548D1
:1072E000D9F8E420F8F7A0FFCDE9017668680090AE
:1072F000C04AE18A05202B68FAF7C4FAE08A173001
:10730000E0824FF47A70FAF72FFB94F90910B9B1C3
:10731000B84A002040F2CF7328320DE04FF4784194
:10732000CDE9010168680090B8A22B68B7E700BFFB
:1073300022F81030401CC0B28842F9DBFFF782F916
:1073400094F90920B7A1AB48F8F76EFF47F6FF7034
:10735000CDE9010668680090B146A64AE18A052099
:107360002B68FAF78FFAE08A834D1730E08201220A
:1073700040212846FAF73DFDC820FAF7F5FA002229
:1073800040212846FAF735FDC820FAF7EDFA012228
:1073900040212846FAF72DFDC820FAF7E5FA002229
:1073A00040212846FAF725FD6E485430FBF7B1FA24
:1073B00090484838FBF73AFF6E4D103D286840F082
:1073C000080028604FF4FA60FAF7CEFA05F1040BD2
:1073D000A4F816A0A4F818A0FCF7E6FF30B3608C60
:1073E000282823D963492839881EFCF735FFA0B126
:1073F000012280219348FAF7FCFC4FF49670E0815B
:10740000002607E03246A18A608AFDF721FC20B9F8
:10741000761CF6B2A0788642F4D33046FDF74AF8DF
:10742000A4F82290286840F00100286028784007DE
:1074300024D56078022821D16E4834308189E9B1A1
:10744000C089D8B1E078C8B184F803909BF80000F7
:107450005E46C0F3C000FFF707FD3168454A60F3A0
:10746000C301316030780123C043E0714FF47A707A
:107470000090353A4E213B48FAF78AFD2868C1074B
:10748000A6D020F001012960A4F8109084F808909B
:10749000B4F90C0010B1401EA08114E0207838B17E
:1074A00084F8009041F0080028604FF4967003E0E3
:1074B000B4F90E0010B1401EE08104E000228021EA
:1074C0006048FAF796FC00F00DFC2878C00623D53A
:1074D00001215C48FAF788FC0028286807D020F0D2
:1074E00002002860207938B1401E207114E040F07D
:1074F0000200286084F804902868810703D540F0D2
:107500000400286008E0218A20F0040041F40061B2
:10751000218228608BF80090286841071ED5DBF88F
:10752000000040F00400CBF800006178022916D07A
:1075300020F04000CBF800002E4A283202F10C0C5B
:10754000B2F90010BCF8000000EB8000C1EB400075
:1075500000B2B0F1000E77DB734699E036E274E0DA
:10756000005400404C050020A08601000028004087
:1075700000300240C8000020000C0140EC00002058
:1075800014000020475244204D6178000C00002078
:10759000207620342E310000CDE5E2FBE4EEECE075
:1075A00020EFEEECE8EBEAE021000000DBEDFBF67B
:1075B000FBE0EBFBE7E0F6FBFF20F3F1EFFBF8ED80
:1075C000E02E0000CFE5F0E2E8EDEDE020FBEDFB82
:1075D000F6FBE0EBFBE7E0F6FBFF2E004C010020A2
:1075E000436865636B2073756D3A203078253038B9
:1075F00058000000540600204E756D626572206FC1
:10760000662073617665733A20257500CFEEECE84D
:10761000EBEAE820F7E8F2E0EDEDFF20464C4153BD
:1076200048210000C4E0F2F7E8EAFBE220F2E5ECD2
:10763000EFE5F0E0F2F3F0E83A20256420F8F22ECE
:10764000000000000008014021E08021FE48FAF718
:10765000CBFB0028A07A0ED0401E40B2A0720028BA
:10766000BFF66AAF84F80A90DBF8001021F0400101
:10767000CBF8001060E7401C40B2A0720528F9DD8D
:1076800084F80AA0DBF8001041F04001F0E7434223
:10769000BCF814809BB2984503D92E6846F02006AA
:1076A0002E60BCF81260002806EB86074FF6FF76C6
:1076B00006EA470616DCB34203D200BF4FF4FC6073
:1076C0000EE0208AB3EB460F05D240F48070208292
:1076D0004FF61F0004E040F0400020824FF4784055
:1076E000E0830EE0B342E9D3B3EB460F09D347F68C
:1076F000FF70E0832878800603D5208A40F48070EC
:107700002082D24B50885B8803EB8303C0EB43009D
:1077100007B2381E02DA00BFC7F1000080B212DCE7
:10772000B0EB560F03D200BF4FF4FC6012E0B04242
:1077300002D24FF61F000DE0208A40F08000208228
:107740004FF4784006E0B0EB560FEDD3B04202D3D1
:1077500047F6FF70208440F2CD70891E814205D229
:10776000704608F0FF01FCF7FDFB074694F909009D
:10777000012812DDB5480C38B0F9021040F2CF7084
:1077800081420ADAB148408800EB8000C1EB40003A
:1077900000B20021FCF7E6FB0646012E2CD00027A4
:1077A000A07928B1DBF8002042F00102CBF80020DC
:1077B0002072642801D964202072DFF8908298F842
:1077C0001600C00714D0A8F10C06B8F800203088C5
:1077D000524202EB820200EB420000B298F8141011
:1077E000FCF7C0FB0746B6F90000B0F5C87F0FDC18
:1077F00077B1012F12D106E0944800211830FCF730
:10780000E1FCA071CCE7DBF8001041F0020103E0DD
:10781000DBF8001021F00201CBF80010607803289B
:107820003CD19BF800005E46C0F30010FFF740FB20
:10783000316840F2DC5360F30411844831600C3845
:10784000B8F80420808802EB8202C0EB4200A28CD0
:107850004146521C92B200B2A2849A420FD9A3842C
:10786000002801DB024600E042424B8A03EB83031F
:10787000B2EB830F03DD228A42F40072228298F871
:107880001410FCF76FFB28B1012807D1316841F0D3
:10789000200102E0316821F0200131606078022887
:1078A00025D1B8F80C00414608B1C889F8B9674E2F
:1078B000CA880C3E02EB8202F08898F81410C0EBE4
:1078C000420000B2FCF74EFBB6F90010B1F5C87FDC
:1078D00007DB30B101280AD1DBF8001041F00801C4
:1078E00003E0DBF8001021F00801CBF80010B8F835
:1078F0000820FAB1564801784378C1EB011103EB37
:1079000081018378511AC1EB0111C3EB810109B2E6
:107910001E2976DA84F805A0002972DC85F800902B
:107920002A68494642F080022A608BF80090C822FB
:10793000627147E094F90910012911D061DD4349D2
:10794000B8F80200A1F10C0100EB80004988C1EBFE
:10795000400000B24FF00001FCF704FB30B350E0F0
:107960003A49B8F800000C3900EB80000988C1EBF7
:10797000400000B20021FCF7F5FAE0BB85F800906A
:10798000296841F0800129608BF80090C82161715D
:107990002F4981F8009081F8019081F802902B48DE
:1079A00000222B49E838FBF7CBF82AE085F8009055
:1079B0002868494640F0800028608BF80090C82075
:1079C00060712348017041708170E8E7010618D5A5
:1079D0001F498A784978C1EB011102EB81011B4AEA
:1079E000128A8A420DD820F080002860002000F022
:1079F00075F8286800E004E040F008002860C8201E
:107A00006071134A00200E3201215E461356012B8D
:107A100005D1377801FA00FC47EA0C07377023B923
:107A2000337801FA00F7BB433370401C00B20728DB
:107A3000ECDB3078064AC043E0714FF47A700123E2
:107A40001F3A4E21009005E0000C014088060020FE
:107A5000B20000201F48FAF79BFA208A78B31E492B
:107A6000897D890721D480281DD00CDC042827D0EB
:107A700004DC012824D0022811D121E008281FD0DD
:107A800040280CD11CE0B0F5807F12D0B0F5007F0B
:107A900011D0B0F5806F10D0B0F5006F0DD00C286C
:107AA0000ED0C82000E078206071306840F080007F
:107AB0000BE00A20F8E71420F6E73C20F4E701E0A9
:107AC0005020F1E7306820F080003060FEF702FDC2
:107AD0007EE400004C050020880600201CB50C49FF
:107AE0004FF6FF7202EA0010088040208DF8040073
:107AF00048788DF8050008788DF806004FF47A7004
:107B00000090032301AAC0210248FAF741FA1CBDE4
:107B1000200000204C050020F0B43D493D4CE8B366
:107B2000012851D002285CD003284FF0000064D017
:107B3000394AA08582F8000004EB4002D28D21F87A
:107B40001020401CC0B20C28F6D3344D0021002078
:107B500004EBC10205EBC103161896F89E601E5493
:107B6000401CC0B20828F7D3491CC9B20429EED37F
:107B70002B4D0020002104EB800205EB800300BFA9
:107B800002EB4106B6F8BE6023F81160491CC9B289
:107B90000229F5D3401CC0B2082800E00AE0E9D36E
:107BA000B4F89230B4F89020B4F88E10F0BC1D48B0
:107BB000FCF7B0B804EB4002D28D21F81020401C35
:107BC000C0B20C28F6D3C0E75FF0000004EB40021F
:107BD000B2F8462021F81020401CC0B20C28F5D382
:107BE000B3E7002004EB4002B2F85E2021F8102039
:107BF000401CC0B20C28F5D3A7E704EB4002B2F852
:107C0000762021F81020401CC0B20C28F5D39CE748
:107C1000880600204C0100208D000020DC0600209A
:107C2000BC060020A006002070B52148214E4FF070
:107C3000000401684FF06405C1F38002C1F3001332
:107C40001A43C1F3C0131A4311D00470016841F004
:107C5000090101600020FFF741FF17481749047030
:107C60004FF6FF70088016490880357070BD41F0EE
:107C70001001016013481449408901EB80004088DD
:107C8000FFF72CFF11491420087011483570114975
:107C90000470022008801048002204800F4801462A
:107CA000047044708470BDE870400D48FAF748BF16
:107CB000B800002091000020BC000020AA00002095
:107CC000AC00002088060020BC06002090000020A8
:107CD0009C000020D6000020B0000020B200002050
:107CE000A00500202DE9FC4700263446DFF8FC9073
:107CF000DFF8FC8071E000BFFEF70AFD5520FEF7BB
:107D0000ADFD3C48002500EBC407785DFEF7A6FDFD
:107D10006D1CEDB2082DF8D3BE20FEF79FFD0025A7
:107D20004FEA0D07FEF7B6FC78556D1CEDB2082D35
:107D3000F8D3FEF7AFFC054608216846FCF7AEFF16
:107D4000A8422FD109EB040200261672BDF90010DB
:107D5000484600290FDA494209B2ADF8001001EB9C
:107D600081014900CA1701EB1271091120F81410A2
:107D70000188494206E001EB81014900CA1701EB85
:107D80001271091120F814109DF8021001F0AA01D7
:107D9000AA2920D19DF9031030F81420114429F8A4
:107DA000141018E0761CF6B2012E13D909EB04006A
:107DB0000026027A521CD2B20272042A0BD940F277
:107DC000C67029F814000C480121A1400288114313
:107DD000018000E00EB9641CE4B298F8000084420F
:107DE0008AD3FEF72FFCBDE8FC8700007C0600204C
:107DF00095000020DC0600209C0000200748064972
:107E000090F900000A5C521C52B20A54012A01DDAA
:107E1000FF220A5470470000C0000020D00000205C
:107E20002DE9F84F4A494FF00008DFF828A1012258
:107E3000C1F80080C1E902A2464FDFF81C91444C12
:107E4000E837CDF80080103499F8001043485546C3
:107E50004646A18569B3012935D002293FD00329BF
:107E600049D089F80080A4F82C80002104EB41035C
:107E700030F81120491CC9B2DA850C29F6D300BFAD
:107E8000FCF7FAFAC4F8E000D4F8E400401CC4F8A7
:107E9000E400F9F719FE69462D48F9F777FD00BFB0
:107EA00054F82620002329460220F9F7CDFD70B3AF
:107EB00030E030F8112004EB4103491CC9B2DA85E7
:107EC0000C29F6D3DCE7002104EB410330F8112044
:107ED000491CC9B2A3F846200C29F5D3D0E70021EC
:107EE00004EB410330F81120491CC9B2A3F85E200D
:107EF0000C29F5D3C4E7002104EB410330F811202D
:107F0000491CC9B2A3F876200C29F5D3B8E7FFE7DE
:107F10002D1D761CBD42C3D3F9F78CFD50460021C0
:107F2000CDF8008054F8212003689A4204D0042937
:107F300002D9009A521C0092001D491CB842F1D38C
:107F400099F80000FFF7E8FD0098BDE8F88F000001
:107F50003C01002000FC00088D0000208806002065
:107F600010B500290AD00878002807D005487844C1
:107F7000F8F706FF002801D0002010BD0248784421
:107F800010BD0000BA310000B23100000808A0F5B1
:107F900000114FEA3101704743004FEAD30C4FEA1A
:107FA0003C0C43401FBF40070CF1605113F0FE4FE3
:107FB00070471CF0006F03D100200CF000417047A7
:107FC0000CF0004343EA507010B540EACC0000F0DA
:107FD000FCF900BF000000924FEA0001FFF7D6BF96
:107FE0004FF000414FF00000A1F500217047000064
:107FF00090EA010F48BF81F0004100F13882421A37
:108000003CBF801A89184FEAD0524FF07F4C1CEACF
:10801000410FA2EBD15318BF9CEA026F00F03B80E6
:108020004FF0004C4CEA00204CEA012121FA03FCFD
:1080300010EB0C0C1ED202F1FF325FEA1C2040EB69
:10804000C25038BF70471CF07F0F4FEA400C18BF7A
:10805000BCF17F4F38BF7047C3F12003994008BF80
:1080600020F00100BCF17F4F38BF7047A0F1C04045
:1080700000F0F1B94FEA3C00000A40EBC25028BFC3
:108080001CF0FF0F4FEA400CE6D018BFBCF17F4F49
:1080900038BF7047EAE79CEA026F05D010EA5C0F30
:1080A00008BF00F00040704710B500F08EF900BF27
:1080B00064FBBE3E4FF47F0C1CEAD0121EBF1CEACC
:1080C000D11392EA0C0F93EA0C0F00F0858090EA2E
:1080D000010F48BF42F4807240F4000C41F40000EC
:1080E0002CF07F4120F07F4000B58142A2EB0302DB
:1080F0000FF2081CACEB504EC0F100009EF800E0FF
:108100004FEA4E0E00FB0EFC38BF49004FEA2C1C14
:1081100002F5FA020CFB0EF34FEACE1E4FEA112CC9
:108120004FEAC1210EEB635E42EB22420EFB0CFCD8
:108130004FEA1C5300FB03114FEA112C4FEA0131A7
:108140000EFB0CFC4FEADC4C00FB0C11C14228BFBB
:1081500009184CEB03335DF804EB10EB410143EBE2
:10816000C250B2F57C0F38BF704729D512F0F00F1E
:108170001CBF00F1C04000F00040704700818283C6
:108180008485868788898B8C8D8E8F919293959626
:1081900097999A9C9D9FA0A2A3A5A7A8AAACAEB0B0
:1081A000B2B3B5B7B9BCBEC0C2C5C7C9CCCED1D4B5
:1081B000D7D9DCDFE2E6E9ECF0F3F7FAFE000000E5
:1081C0004FEA400C0CF1807CBCF17E4F28BF704719
:1081D000B0F1C04000F03FB990EA010F0CEAD113B2
:1081E00048BF42F48072624538BF634507D213F43A
:1081F0007F0F16D080EA010000F00040704710B5F4
:1082000000F0E3F8097EFC3E00F005B880EA0100CA
:1082100000F00040704780EA010000F0004000F0EC
:108220001AB912F47F0F04BF0248704780EA0100B8
:1082300000F011B90000C07F41000B0ED3F19E0287
:1082400008D950F400034FEA032323FA02F048BF91
:108250004042704710B500F0B8F800BF4992248042
:10826000002070476FF0004282EA20007047000053
:1082700010F0004148BF4042B0FA80F310FA03F218
:10828000C3F19D030BD051EAC35101EB12205306F9
:1082900038BF704700F1010008BF20F001007047AF
:1082A000B0FA80F310FA03F2C3F19D030AD0D905A6
:1082B00001EB1220530638BF704700F1010008BFE0
:1082C00020F00100704700004FF47F0C1CEAD01230
:1082D0001EBF1CEAD11392EA0C0F93EA0C0F00F0B8
:1082E000478090EA010F48BF42F480724FF0004C83
:1082F0004CEA00204CEA012102EB0302A0FB01132F
:10830000A2F50002002918BF43F001035B0028BF5B
:108310004FEA330342EB22425FEA132C4CEBC2508C
:108320002EBFBCEB436FB2F57C0F70474FEA036C76
:10833000BCF1004F08BF20F00100B2F57C0F38BF40
:1083400070470BD582F0FF0212F5803FC8BF70471F
:1083500000F1C040D8BF00F00040704700F5000CAD
:108360005FEA4C0C48BF7047B0F1C04000F073B8F2
:1083700090EA010F0CEAD11348BF42F480726245C3
:1083800038BF634504D280EA010000F00040704726
:1083900010B500F01AF800BF8900013E00F007B8E0
:1083A00000F009B85FEA410C5FEA1C6C08D080EA73
:1083B000010000F050B85FEA400C5FEA1C6CF6D197
:1083C0004FF00040A0F5800070470EF1020E2EF035
:1083D000030E5EF8044B244204D44FEA4102B2F18A
:1083E0007F4F11D84FEA4003B3F17F4F0CD80ED125
:1083F0004FEAD07CB2F17F4F0CEB4C0C0CF1020C2D
:1084000008BF4CEBD17C04E04FF0080C01E04FEAD0
:10841000D17C0CEB4C0324FA03F404F00704B4F110
:10842000040C06D20EEB840CBDE810404CF0010C9D
:108430006047DFE80CF0070802024FF00040A0F5AB
:10844000800010BD0846420018BFD2F1807288BF7C
:1084500000F0004010BDFF2141EAD050C005704738
:1084600090EA010F48BF81F000413FF5C8AD421AC4
:1084700004D882F00042A0EB020011444FEAD0522F
:108480004FF07F4C1CEA410FA2EBD15318BF9CEA7E
:10849000026F4AD04FF0004C4CEA00204CEA012118
:1084A00021FA03FCB0EB0C0C0FD412F0FE0F36D007
:1084B0005FEA4C001DD5001240EBC25038BF704738
:1084C0001CF03F0F18BF70470BE0A2F101025FEAFA
:1084D0001C2040EBC25038BF70471CF07F0F18BF04
:1084E0007047C3F12003994014BF401E20F00100E3
:1084F000704780084FEA122308BF7047B0FA80FC2B
:10850000A2EB0C02CCF1280C60FA0CF093EA122FCB
:1085100004BF00EBC25070474FEAC3707047130AA4
:108520005FEADC1008BF7047F6E79CEA026F04D0F0
:1085300010EA5C0F08BF0020704710B5FFF745FF39
:1085400040DFF63E81F000407047F8F780B9000048
:10855000000000000000000000000000000000001B
:10856000000000000000000000000000000000000B
:1085700000000000000C000C000C000C000C000CB3
:10858000000C000C000C000C000C0000000C000C97
:108590000000000000000000001B001B001B001B6F
:1085A000001B0000000000000000000000000000B0
:1085B0000000000000000000000000008019801989
:1085C00080198019C07FC07F80190033C07FC07FB1
:1085D00000330033003300330000000000000000CF
:1085E00080C7C0CF600C6018001800180018001871
:1085F000001800186018600CC00F80070000000011
:1086000000000000007000D840D8C0D880D90073A6
:108610000006000C801BC036C066C046C006800342
:108620000000000000000000001E003F0033003387
:108630000033001E000CC03CC06680638061806314
:10864000C03E801C0000000000000000000C000C78
:10865000000C000C000C00000000000000000000F6
:10866000000000000000000000000000000080008A
:1086700000010003000600060004000C000C000CC2
:10868000000C000C000C00040006000600030001B2
:108690008000002000100018000C000C00040006F0
:1086A000000600060006000600060004000C000C90
:1086B0000018001000200000000C002D003F001EDC
:1086C0000033000000000000000000000000000077
:1086D000000000000000000000000000000000009A
:1086E000000C000C000C000CC0FFC0FF000C000CC4
:1086F000000C000C00000000000000000000000062
:108700000000000000000000000000000000000069
:108710000000000000000000000C000C0004000439
:108720000008000000000000000000000000000041
:1087300000000000001E001E0000000000000000FD
:108740000000000000000000000000000000000029
:108750000000000000000000000000000000000019
:10876000000C000C000000000000000000030003EB
:1087700000030006000600060006000C000C000CBA
:10878000000C001800180018000000000000000095
:10879000001E003F0033806180618061806D806DCC
:1087A0008061806180610033003F001E0000000096
:1087B000000000000006000E001E00360026000625
:1087C0000006000600060006000600060006000679
:1087D0000000000000000000001E003F8073806168
:1087E0008061800100030006000C0018003000606A
:1087F000807F807F0000000000000000001C003E21
:10880000006300630003000E000E0003800180017E
:1088100080618073003F001E000000000000000027
:108820000006000E000E001E001E00160036003668
:108830000066807F807F00060006000600000000C2
:1088400000000000007F007F006000600060006E9C
:10885000007F80638001800180618073003F001E83
:108860000000000000000000001E003F8033806117
:108870000060006E007F8073806180618061803362
:10888000003F001E0000000000000000807F807F8D
:1088900080010003000300060006000C000C000C21
:1088A0000008001800180018000000000000000078
:1088B000001E003F8063806180610021001E003F38
:1088C0008061806180618061003F001E00000000C7
:1088D00000000000001E003F007380618061806125
:1088E0008073803F801D800180610073003F001E07
:1088F0000000000000000000000000000000000078
:10890000000C000C0000000000000000000000004F
:10891000000C000C0000000000000000000000003F
:10892000000000000000000C000C0000000000002F
:1089300000000000000C000C00040004000800000F
:1089400000000000000080008003000E003800607E
:108950000038000E800380000000000000000000CE
:10896000000000000000000000000000807F807F09
:1089700000000000807F807F0000000000000000F9
:1089800000000000000000000000000000000040A7
:108990000070001C000780010007001C00700040F0
:1089A000000000000000000000000000001F803FE9
:1089B000C071C060C000C00180030007000E000C41
:1089C000000C0000000C000C000000000000000083
:1089D000001E003F803180718063806F806D806DEC
:1089E000806F806700600032003E001C00000000C5
:1089F00000000000000E000E001B001B001B001BEF
:108A000080318031803F803F8031C060C060C06075
:108A10000000000000000000007C007E0063006396
:108A200000630063007E007E00638061806180637C
:108A3000007F007E0000000000000000001E003FDC
:108A40008031806100600060006000600060006054
:108A500080618031003F001E000000000000000027
:108A6000007C007F00638063806180618061806141
:108A70008061806100630063007E007C0000000074
:108A800000000000807F807F006000600060006068
:108A9000007F007F0060006000600060807F807F5A
:108AA0000000000000000000807F807F0060006008
:108AB00000600060007F007F006000600060006078
:108AC000006000600000000000000000001E003F89
:108AD000803180610060006000608063806380613D
:108AE00080618031803F001E000000000000000017
:108AF000806180618061806180618061807F807F32
:108B0000806180618061806180618061000000001F
:108B100000000000003F003F000C000C000C000CA7
:108B2000000C000C000C000C000C000C003F003F7F
:108B30000000000000000000800180018001800131
:108B400080018001800180018001806180618073EB
:108B5000003F001E0000000000000000C0608061B7
:108B6000006300660066006C0078007C00660066AA
:108B7000006380618061C0600000000000000000B0
:108B800000600060006000600060006000600060E5
:108B90000060006000600060807F807F0000000057
:108BA00000000000C071C071C07BC07AC06AC06A9A
:108BB000C06EC064C060C060C060C060C060C060A3
:108BC00000000000000000008071807180798079D1
:108BD0008079806D806D806D80658067806780673B
:108BE000806380630000000000000000001E003F62
:108BF000003380618061806180618061806180611B
:108C000080610033003F001E0000000000000000F3
:108C1000007E007F80638061806180618063007F6F
:108C2000007E0060006000600060006000000000E6
:108C300000000000001E003F003380618061806101
:108C4000806180618061806580670033803F401E65
:108C50000000000000000000007E007F8063806153
:108C600080618063007F007E006600630063806136
:108C70008061C0600000000000000000000E001FC6
:108C80008031803100300038001E00078003806191
:108C900080618031003F001E0000000000000000E5
:108CA000C0FFC0FF000C000C000C000C000C000CFE
:108CB000000C000C000C000C000C000C000000006C
:108CC000000000008061806180618061806180615E
:108CD000806180618061806180618073003F001EDF
:108CE0000000000000000000C060C060C060803173
:108CF00080318031001B001B001B001B000E000E8A
:108D0000000E00040000000000000000C0C0C0C051
:108D1000C0C0C0C0C0C0C0CC804C804C805E8052FF
:108D200080528073806180610000000000000000BC
:108D3000C0C0806080610033003B001E000C000C4E
:108D4000001E001F003B80718061C0C00000000059
:108D500000000000C0C08061806100330033001E4D
:108D6000001E000C000C000C000C000C000C000C91
:108D70000000000000000000803F803F80010003F1
:108D800000030006000C000C001800180030006002
:108D9000807F807F000000000000000F000F000CAB
:108DA000000C000C000C000C000C000C000C000C63
:108DB000000C000C000C000C000C000F000F000059
:108DC000001800180018000C000C000C000C000625
:108DD0000006000600060003000300030000000078
:108DE0000000001E001E0006000600060006000629
:108DF0000006000600060006000600060006000643
:108E00000006001E001E0000000C000C001E0012D8
:108E1000003300338061806100000000000000002A
:108E20000000000000000000000000000000000042
:108E30000000000000000000000000000000000032
:108E400000000000000000000000E0FF0000000043
:108E500000380018000C00000000000000000000B6
:108E60000000000000000000000000000000000002
:108E7000000000000000000000000000001F803F14
:108E800080618001801F803F80618063807FC03867
:108E90000000000000000000006000600060006052
:108EA000006E007F8073806180618061806180736B
:108EB000007F006E000000000000000000000000C5
:108EC00000000000001E003F8073806100600060B1
:108ED00080618073003F001E000000000000000061
:108EE0008001800180018001801D803F807380614E
:108EF0008061806180618073803F801D0000000080
:108F0000000000000000000000000000001E003F04
:108F100000738061807F807F00608071003F001E51
:108F20000000000000000000C007C00F000C000C93
:108F3000807F807F000C000C000C000C000C000CEB
:108F4000000C000C00000000000000000000000009
:108F50000000801D803F807380618061806180613E
:108F60008073803F801D80018063007F003E000091
:108F70000060006000600060006F807F8071806131
:108F8000806180618061806180618061000000009B
:108F9000000000000006000600000000003E003E49
:108FA0000006000600060006000600060006000691
:108FB0000000000000000006000600000000003E67
:108FC000003E000600060006000600060006000639
:108FD000000600060046007E003C000000600060C5
:108FE00000600060806100630066006C007C0076B9
:108FF000006300638061C0600000000000000000AA
:10900000003E003E000600060006000600060006C0
:10901000000600060006000600060006000000002C
:1090200000000000000000000000000080DDC0FF24
:10903000C0CEC0CCC0CCC0CCC0CCC0CCC0CCC0CCCE
:109040000000000000000000000000000000000020
:10905000006F807F8071806180618061806180614C
:10906000806180610000000000000000000000003E
:1090700000000000001E003F8073806180618061FD
:1090800080618073003F001E0000000000000000AF
:10909000000000000000006E007F8073806180612E
:1090A000806180618073007F006E006000600060FE
:1090B00000600000000000000000801D803F807301
:1090C00080618061806180618073803F801D80014C
:1090D000800180018001000000000000000000000D
:1090E0000067803F00390030003000300030003031
:1090F0000030003000000000000000000000000010
:1091000000000000001E803F80610060007F803F03
:1091100080018061007F001E000000000000000050
:109120000000000800180018007F007F00180018D9
:109130000018001800180018801F800F00000000A1
:10914000000000000000000000000000806180615D
:10915000806180618061806180618063807F803D0B
:1091600000000000000000000000000000000000FF
:10917000C060803180318031001B001B001B000E5D
:10918000000E0006000000000000000000000000CB
:109190000000000080DD80DD80DD005500550055B9
:1091A000007700770022002200000000000000008D
:1091B0000000000000000000806100330033001E4A
:1091C000000C000C001E0033003380610000000022
:1091D000000000000000000000008061806180311C
:1091E00000330033001B001B001B000E000E000E9E
:1091F000001C007C00700000000000000000000067
:10920000C07FC07F800100030006000C0018003002
:10921000C07FC07F000000000000800380070006C0
:109220000006000600060006000E001C001C000ED2
:109230000006000600060006000680078003000600
:1092400000060006000600060006000600060006EE
:1092500000060006000600060006000600060006DE
:1092600000060038003C000C000C000C000C000C48
:10927000000E00070007000E000C000C000C000C94
:10928000000C003C0038000000000000000000005E
:10929000000000008038807F0047000000000000D0
:1092A000000000000000000000000000000E000EA2
:1092B000001B001B001B001B80318031803F803F62
:1092C0008031C060C060C06000000000000000008D
:1092D000007F007F0060006000600060007E007E14
:1092E0000063806180618063007F007C000000007B
:1092F00000000000007C007E0063006300630063E8
:10930000007E007E0063806180618063007F007E5C
:109310000000000000000000007F007F006000608F
:10932000006000600060006000600060006000603D
:10933000006000600000000000000000803F803FEF
:109340008031803180318031803180318031803195
:1093500080318031E0FFE0FF60C0000000000000CD
:10936000807F807F0060006000600060007F007F81
:109370000060006000600060807F807F000000006F
:109380000000000060C4C064C06480358035001FE8
:10939000001F001F001F80358035C064C06460C49A
:1093A0000000000000000000003C007E00030003FD
:1093B00000030003007E007E000380018001800323
:1093C000007F003E0000000000000000806180611E
:1093D0008061806180638067806F807D807980712B
:1093E0008061806180618061000000000000000CED
:1093F000806D80618061806180638067806F807D27
:1094000080798071806180618061806100000000EE
:1094100000000000C0608061006300660066006CB0
:109420000078007C00660066006380618061C06037
:109430000000000000000000C03FC03FC030C0304E
:10944000C030C030C030C030C030C030C030C0309C
:10945000C0F0C0F00000000000000000C071C0714A
:10946000C07BC07AC06AC06AC06EC064C060C060A1
:10947000C060C060C060C06000000000000000006C
:10948000806180618061806180618061807F807F98
:109490008061806180618061806180610000000086
:1094A00000000000001E003F003380618061806189
:1094B000806180618061806180610033003F001EB7
:1094C0000000000000000000C07FC07FC060C060DE
:1094D000C060C060C060C060C060C060C060C0608C
:1094E000C060C0600000000000000000007E007F3F
:1094F00080638061806180618063007F007E0060A6
:1095000000600060006000600000000000000000DB
:10951000001E003F803180610060006000600060DC
:109520000060006080618031003F001E000000008C
:1095300000000000C0FFC0FF000C000C000C000C7D
:10954000000C000C000C000C000C000C000C000CBB
:109550000000000000000000C0C080618061003396
:109560000033001F001E000E000E000C001C00380F
:10957000007000E000000000000000000004001F78
:109580008035C064C06460C460C4C064C064803599
:10959000001F0004000400040000000000000000A0
:1095A000C0C0806080610033003B001E000C000CD6
:1095B000001E001F003B80718061C0C000000000E1
:1095C00000000000C060C060C060C060C060C060DB
:1095D000C060C060C060C060C060C060C07FC07F4D
:1095E0006000600000000000806180618061806137
:1095F00080618061807F803F8001800180018001E7
:10960000C001C0010000000000000000C0CCC0CCC0
:10961000C0CCC0CCC0CCC0CCC0CCC0CCC0CCC0CCEA
:10962000C0CCC0CCC0FFC0FF0000000000000000A4
:10963000C0CCC0CCC0CCC0CCC0CCC0CCC0CCC0CCCA
:10964000C0CCC0CCC0CCC0CCC0FFC0FF60006000AC
:1096500000000033003300000000003F003F000C1A
:10966000000C000C000C000C000C000C003F003F34
:109670000000000000000000003F003F000C000C54
:10968000000C000C000C000C000C000C000C000C7A
:10969000003F003F000000000000000000300030EC
:1096A00000300030003C003F00338031C030C0301B
:1096B000C0318033003F003E000000000000000089
:1096C000001E003F80318061006000600060E06F3C
:1096D000E06F006080618031003F001E00000000EC
:1096E0000000000000C780CD80CDC0D8C0D8C0F039
:1096F000C0F0C0F0C0D8C0D8C0CC80CD80CD00C7ED
:109700000000000000000000801F807F806180C199
:1097100080C180C18061807F801F800F801980316F
:10972000806180C100000000000000000000000017
:1097300000000000001F803F80618001801F803F8B
:1097400080618063807FC03800000000000000005E
:109750000000000000000001003F007F0060007E6C
:10976000007F806180618061007F003E000000001A
:10977000000000000000000000000000003E007F2C
:109780000061007E007F806180618061007F003E1B
:1097900000000000000000000000000000000000C9
:1097A000007F007F0060006000600060006000607B
:1097B00000600060000000000000000000000000E9
:1097C00000000000807F807F806180618061806117
:1097D000806180618061C0FFC0FFC0C000000000E8
:1097E0000000000000000000001E003F00738061C8
:1097F000807F807F00608071003F001E00000000BD
:1098000000000000000000000000000060C4C06410
:109810008035001F000E001F8035C06460C42084A6
:109820000000000000000000000000000000000038
:10983000003E003F0001003E003F800180018001AA
:10984000003F003E0000000000000000000000009B
:109850000000000080618061806180638067806DAE
:10986000807980718061806100000000000000004C
:1098700000000000000C000C80618061806180634A
:109880008067806D80798071806180610000000058
:109890000000000000000000000000008061006384
:1098A0000066006C007C0076006300638061C0602D
:1098B00000000000000000000000000000000000A8
:1098C000803F803F803180318031803180318031F4
:1098D00080F180F1000000000000000000000000A6
:1098E0000000000060C0E0E0E0F160DB60CE60C43A
:1098F00060C460C060C060C00000000000000000E4
:1099000000000000000000008061806180618061D3
:10991000807F807F806180618061806100000000C5
:10992000000000000000000000000000001E003FDA
:10993000807380618061806180618073003F001E60
:109940000000000000000000000000000000000017
:10995000807F807F806180618061806180618061C3
:109960008061806100000000000000000000000035
:109970000000006E007F8073806180618061806183
:109980008073007F006E0060006000600060000077
:109990000000000000000000001E003F8073806196
:1099A0000060006080618073003F001E00000000C6
:1099B000000000000000000000000000807F807FA9
:1099C000000C000C000C000C000C000C000C000C37
:1099D0000000000000000000000000000000000087
:1099E000C060C06080318019000F00070006000EC3
:1099F000000C003800000000000000000000000023
:109A000000000000000C807FC0CC408C408CC0CC9B
:109A1000807F000C000C000C000000000000000023
:109A20000000000000000000806100330033001ED1
:109A3000000C000C001E00330033806100000000A9
:109A40000000000000000000000000008061806154
:109A5000806180618061806180618061807F807FC2
:109A60008001000000000000000000000000000075
:109A70008061806180618061807F807F8001800162
:109A8000C001C00100000000000000000000000054
:109A900000000000C0CCC0CCC0CCC0CCC0CCC0CC7E
:109AA000C0CCC0CCC0FFC0FF000000000000000020
:109AB0000000000000000000C0CCC0CCC0CCC0CC76
:109AC000C0CCC0CCC0CCC0CCC0FFE0FF6000000068
:109AD000000000008019801900000000003E003ED8
:109AE0000006000600060006000600060006000646
:109AF000000000000000000000060006000000005A
:109B0000003E003E000600060006000600060006B5
:109B10000006000600000000000000000000000039
:109B200000000000006000600060006E007F806345
:109B300080618063007F006E000000000000000074
:109B40000000000000000000001E003F80738061E4
:109B5000007E007E80618073003F001E00000000D8
:109B600000000000000000000000000000C380C7EB
:109B7000C0CC60D860F860F860D8E0CC80C700C383
:109B800000000000000000000000000000000000D5
:109B9000801F80318061806180618031801F8007FB
:109BA000801980610000000000000000000000003B
:109BB00000000000000000000000000000000000A5
:109BC0000000000000000000000000000000000095
:109BD0000000000000000000000000000000E003A2
:109BE000E003E003E003E003E003E003E003C0037D
:109BF000C003C001C001C001C001C00100000000DD
:109C00000000E003E003E0030000000000000000AB
:109C100000003C1E3C1E3C1E3C1E3C1E3C1E3C1ECE
:109C20000000000000000000000000000000000034
:109C30000000000000000000000000000000000024
:109C4000000000000000CE01CE03DE039E039C0353
:109C50009C07FF3FFF7F3807380F780F780F780E8B
:109C6000FFFFFFFFF01EF01CE01CE03CE03DE03990
:109C70000000000000000000000000000038007C30
:109C80007E7CFF39E307800F000F001F001E001EBF
:109C9000001E001E001E001F001F800FC00FE307E4
:109CA000FF017E0000000000000000000000033EF5
:109CB00007F78FE78EE79EE3BCE3B8E7F8E7F0F736
:109CC000E03FC001FF03FF07F307F30FF31EF33C70
:109CD000F338F3787FF03FE0000000000000000060
:109CE0000000E007F80F780F781F781F781F780FB3
:109CF000F00FE00F801FC37FC3FBE7F3F7F1F7F02E
:109D0000FFF07FF03EF87F7CFF3FEF1F0000000078
:109D1000000000000000E003E003E003E003E003D4
:109D2000C003C001000000000000000000000000AF
:109D30000000000000000000000000000000000023
:109D4000000000000000000000003F007C00F00167
:109D5000E001C003C00780078007800F000F000FDD
:109D6000000F000F000F000F800F80078007C00753
:109D7000C003E001F0017C003F000F000000007E06
:109D8000001FC007C003E001F001F000F000F80080
:109D9000780078007800780078007800F800F0000B
:109DA000F000F001E001C003C007001F007E007852
:109DB0000000E003C003C001CE39FF3F7F3F200316
:109DC0007003F807780F3C1F380600000000000001
:109DD0000000000000000000000000000000000083
:109DE0000000000000000000000000000000000073
:109DF0000000C001C001C001C001C001C001C0011C
:109E0000FFFFFFFFC001C001C001C001C001C001D0
:109E10000000000000000000000000000000000042
:109E20000000000000000000000000000000000032
:109E3000000000000000000000000000E003E0035C
:109E4000E003E003E001E001E001C0018003000065
:109E50000000000000000000000000000000000002
:109E600000000000FE3FFE3F000000000000000078
:109E700000000000000000000000000000000000E2
:109E800000000000000000000000000000000000D2
:109E900000000000000000000000000000000000C2
:109EA00000000000E003E003E003E0030000000026
:109EB0000000000000000F000F001E001E003C000C
:109EC0003C0078007800F000F000E001E001C00301
:109ED000C00380078007000F000F001E001E003C1B
:109EE000003C0078007800F000000000F007F80F58
:109EF0007C1F3E3E1E3C1F7C1F7C0F780F780F7826
:109F00000F780F780F780F781F7C1F7C1E3C3E3E29
:109F10007C1FF80FF00700000000000000000000A8
:109F2000F000F007F03FF03FF001F001F001F00128
:109F3000F001F001F001F001F001F001F001F00199
:109F4000F001F001F001FF3FFF3F000000000000C2
:109F500000000000E00FF83F7C3C3C003E003E006B
:109F60003E003C003C007C00F800F001E003C0072C
:109F70008007000F001E003E003CFE3FFE3F000039
:109F80000000000000000000F00FF81F7C1C3E00E5
:109F90003E003E003C003C00F800F00FF80F7C0053
:109FA0003E001E001E001E001E003E007C1CF81F0E
:109FB000E01F000000000000000000007800F80032
:109FC000F800F801F803F807F807780F781E781EF4
:109FD000783C78787878FFFFFFFF78007800780089
:109FE0007800780078000000000000000000000009
:109FF000FC1FFC1FFC1F001E001E001E001E001E7A
:10A00000E01FF81FFC007C003E003E001E003E00EA
:10A010003E003C007C1CF81FE01F00000000000018
:10A0200000000000FC01FE078E0F001F001E003E16
:10A03000003C003CF83DFC3F3E7F1F7E0F3C0F3C48
:10A040000F3C0F3C0F3E1F1E3E1FFC0FF003000095
:10A050000000000000000000FF3FFF3FFF3F0F0037
:10A060001E001E003C0038007800F000F000E00107
:10A07000E001C003C0038007800F800F000F001FA6
:10A08000001F00000000000000000000F807FC0FA7
:10A090003E1F1E1E1E3E1E3E1E1E3C1FF80FF007DA
:10A0A000F80FFC1E3E3E1F3C1F7C0F7C0F7C1F3CAC
:10A0B0003E3FFC1FF0070000000000000000000011
:10A0C000F007F80F7C1E3E3C1E3C1F7C1F7C1F7C53
:10A0D0001F7C1F3C3F3EFF1FEF071F001E001E009E
:10A0E0003E003C00F838F03FE01F00000000000098
:10A0F0000000000000000000000000000000E0037D
:10A10000E003E003E00300000000000000000000A6
:10A1100000000000E003E003E003E00300000000B3
:10A12000000000000000000000000000000000002F
:10A130000000E003E003E003E00300000000000093
:10A140000000000000000000E003E003E003E00383
:10A15000E001E001E001C003800300000000000016
:10A1600000000000000003000F003F00FC00F003AF
:10A17000C00F003F00FE003FC00FF003FC003F0097
:10A180000F000300000000000000000000000000BD
:10A1900000000000000000000000000000000000BF
:10A1A0000000FFFFFFFF000000000000FFFFFFFFB7
:10A1B000000000000000000000000000000000009F
:10A1C000000000000000000000000000000000E0AF
:10A1D00000F8007E801FE007F8017E001F007E006F
:10A1E000F801E007801F007E00F800E0000000009A
:10A1F000000000000000F01FFC3F3E381F381F38F1
:10A200001E001E003C007800F000E001C003C00307
:10A21000C007C007000000000000C007C007C0075B
:10A2200000000000000000000000F803FE0F1E1FE9
:10A230000F3E7F3CFF78EF79C773C7F38FF38FF33F
:10A240008FF39FF39FF3FF73FF7BF779003C1C1F95
:10A25000FC0FF803000000000000000000000000F8
:10A2600000000000E003E003F007F007F007780FBC
:10A27000780F7C0E3C1E3C1E3E3CFE3FFF3F1F788D
:10A280000F780FF007F007F000000000000000005A
:10A290000000000000000000F83FFC3F3E3C1E3C78
:10A2A0001E3C1E3C3E3C7C3CF03FF83F7E3C1F3C4D
:10A2B0001F3C0F3C0F3C1F3CFE3FF83F00000000DE
:10A2C000000000000000000000000000FF01FF0788
:10A2D000871F003E003C007C007800780078007802
:10A2E0000078007C007C003E003F831FFF07FF01D9
:10A2F000000000000000000000000000000000005E
:10A30000F07FFC7F7E781F781F780F780F780F78AA
:10A310000F780F780F780F780F781F781E787E7877
:10A32000F87FE07F00000000000000000000000057
:10A3300000000000FF3FFF3F003E003E003E003EA9
:10A34000003E003EFE3FFE3F003E003E003E003E1F
:10A35000003E003EFF3FFF3F000000000000000005
:10A360000000000000000000FF1FFF1F001E001E75
:10A37000001E001E001E001EFF1FFF1F001E001EED
:10A38000001E001E001E001E001E001E0000000019
:10A39000000000000000000000000000FE03FF0FAE
:10A3A000871F003E007C007C007800F800F87FF8F2
:10A3B0007FF80F780F7C0F7C0F3E8F1FFF0FFE037F
:10A3C000000000000000000000000000000000008D
:10A3D0001F7C1F7C1F7C1F7C1F7C1F7C1F7C1F7CA5
:10A3E000FF7FFF7F1F7C1F7C1F7C1F7C1F7C1F7CCF
:10A3F0001F7C1F7C00000000000000000000000027
:10A4000000000000FF3FFF3FE003E003E003E00344
:10A41000E003E003E003E003E003E003E003E00324
:10A42000E003E003FF3FFF3F0000000000000000EA
:10A430000000000000000000FC1FFC1F7C007C00EE
:10A440007C007C007C007C007C007C007C007C002C
:10A450007C0078007800F838F03FC03F0000000032
:10A460000000000000000000000000001F3C1E3C37
:10A470003C3C783CF03CE03DE03FC03F803FC03F8B
:10A48000E03FF03DF03C783C7C3C3E3C1F3C0F3CC8
:10A4900000000000000000000000000000000000BC
:10A4A000003E003E003E003E003E003E003E003EBC
:10A4B000003E003E003E003E003E003E003E003EAC
:10A4C000FF3FFF3F00000000000000000000000010
:10A4D000000000001FF81FFC1FFC3FFE3FFE3FFE78
:10A4E0007FFF77FF77FFF7F7E7F7E7F3E7F3C7F3C8
:10A4F00007F007F007F007F0000000000000000080
:10A5000000000000000000000F7C0F7C0F7E0F7F1A
:10A510000F7F8F7F8F7FCF7FEF7BEF79FF79FF7882
:10A52000FF787F783F783F781F781F780000000021
:10A53000000000000000000000000000F007FC1F09
:10A540003E3E1F7C0F780F780FF80FF80FF80FF8CA
:10A550000FF80FF80F780F781F7C3E3EFC1FF007B6
:10A5600000000000000000000000000000000000EB
:10A57000FC3FFF3F1F3E0F3E0F3E0F3E0F3E1F3E74
:10A580003F3EFC3FF03F003E003E003E003E003EAE
:10A59000003E003E0000000000000000000000003F
:10A5A00000000000F007FC1F3E3E1F7C0F780F7874
:10A5B0000FF80FF80FF80FF80FF80FF80F780F7863
:10A5C0001F7C3E3EFC1FF8077C003F000F0003008D
:10A5D0000000000000000000F03FFC3F7E3C3E3CDD
:10A5E0001E3C1E3C3E3C3C3CFC3CF03FE03FF03D12
:10A5F000F83C7C3C3E3C1E3C1F3C0F3C00000000F5
:10A60000000000000000000000000000FC07FE1F2A
:10A610000E3E003C003C003C003EC01FF80FFE0315
:10A620007F001F000F000F001F203E3CFC3FF01F6B
:10A63000000000000000000000000000000000001A
:10A64000FFFFFFFFE003E003E003E003E003E003BC
:10A65000E003E003E003E003E003E003E003E003E2
:10A66000E003E00300000000000000000000000024
:10A67000000000000F7C0F7C0F7C0F7C0F7C0F7C98
:10A680000F7C0F7C0F7C0F7C0F7C0F7C0F7C1E3CA3
:10A690001E3C3E3EFC1FF0070000000000000000D2
:10A6A000000000000000000007F007F007F80F7836
:10A6B0000F7C1E3C1E3C1E3E3C1E3C1F781F780F2C
:10A6C000F80FF007F007F007E003E00300000000D8
:10A6D00000000000000000000000000003E003F0A4
:10A6E00003F007F0E7F3E7F3E7F3E773F77BF77FB0
:10A6F000FF7F7F7F7F7F7E7F7E3F3E3E3E3E3E3EB2
:10A700000000000000000000000000000000000049
:10A7100007F80F7C1E3E3E3E3C1FF80FF007E00797
:10A72000E003E003F007F80F7C0F7C1E3E3C1F782F
:10A730000F780FF000000000000000000000000093
:10A740000000000007F807780F7C1E3C1E3E3C1FEF
:10A75000780FF80FF007E003E003E003E003E00305
:10A76000E003E003E003E00300000000000000005D
:10A770000000000000000000FF7FFF7F0F001F00AF
:10A780003E007C00F800F000E001E003C007800F0D
:10A79000000F001E003E007CFF7FFF7F00000000D6
:10A7A000000000000000FF07800780078007800787
:10A7B0008007800780078007800780078007800761
:10A7C0008007800780078007800780078007800751
:10A7D00080078007FF07FF07000000780078003C33
:10A7E000003C001E001E000F000F80078007C00302
:10A7F000C003E001E001F000F000780078003C00C8
:10A800003C001E001E000F000F0007000000F07F3C
:10A81000F000F000F000F000F000F000F000F000B8
:10A82000F000F000F000F000F000F000F000F000A8
:10A83000F000F000F000F000F000F000F07FF07F9A
:10A840000000C000C001C001E003E003F007F00712
:10A850007807780F380F3C1E3C1E1E3C1E3C0F38FC
:10A860000F780778000000000000000000000000E2
:10A8700000000000000000000000000000000000D8
:10A8800000000000000000000000000000000000C8
:10A8900000000000000000000000000000000000B8
:10A8A000FFFFFFFF000000000000F00000000000BC
:10A8B0000000000000000000000000000000000098
:10A8C0000000000000000000000000000000000088
:10A8D0000000000000000000000000000000000078
:10A8E00000000000000000000000F80FFC3F7C3C6E
:10A8F0003E003E003E00FE07FE1F3E3E3E7C3E7890
:10A900003E7C7E7CFF3FCF1F000000000000000067
:10A910000000003C003C003C003C003C003CF83D9A
:10A92000FE3F3E3F1F3E0F3C0F3C0F3C0F3C0F3C99
:10A930000F3C1F3C1E3C3E3FFC3FF03B0000000034
:10A940000000000000000000000000000000000007
:10A950000000FE03FF0F871F003E003E003C007C0E
:10A96000007C007C003C003E003E871FFF0FFE0382
:10A97000000000000000000000001F001F001F007A
:10A980001F001F001F00FF07FF1F3F3E1F3C1F7CD3
:10A990001F7C1F7C1F781F781F7C1F7C3F3C7F3EE5
:10A9A000FF1FDF0F0000000000000000000000009B
:10A9B00000000000000000000000F803FC0F3E1F34
:10A9C0001E3E1F3C1F7CFF7FFF7F007C007C003C05
:10A9D000003E071FFF0FFE03000000000000000004
:10A9E0000000FF01E103C003C007C007C007FF7FED
:10A9F000FF7FC007C007C007C007C007C007C00768
:10AA0000C007C007C007C007C007C007000000009C
:10AA10000000000000000000000000000000000036
:10AA20000000EF07FF1F7F3E1F3C1F7C1F7C1F782D
:10AA30001F781F781F7C1F7C3F3C7F3EFF1FDF0F6E
:10AA40001E001E001E007C38F83F003C003C003C0D
:10AA5000003C003C003CFC3DFE3F9E3F1F3F1F3E34
:10AA60001F3C1F3C1F3C1F3C1F3C1F3C1F3C1F3C0E
:10AA70001F3C1F3C00000000000000000000F0012F
:10AA8000F0010000000000000000E07FE07FE00136
:10AA9000E001E001E001E001E001E001E001E001AE
:10AAA000E001E001E001E001000000000000000022
:10AAB0000000F800F8000000000000000000F83F6F
:10AAC000F83FF800F800F800F800F800F800F80087
:10AAD000F800F800F800F800F800F800F800F800B6
:10AAE000F000F071E07F003C003C003C003C003C8A
:10AAF000003C1F3C3E3C7C3CF83CF03DE03DC03F10
:10AB0000C03FE03FF03DF83C7C3C3E3C1F3C1F3CDE
:10AB100000000000000000000000F07FF001F001E4
:10AB2000F001F001F001F001F001F001F001F0019D
:10AB3000F001F001F001F001F001F001F001F0018D
:10AB4000F001F00100000000000000000000000023
:10AB5000000000000000000000009EF7FFFFFFFF64
:10AB6000FFFFE7FBE7F9C7F1C7F1C7F1C7F1C7F18D
:10AB7000C7F1C7F1C7F1C7F10000000000000000F5
:10AB80000000000000000000000000000000FC3D8C
:10AB9000FE3F9E3F1F3F1F3E1F3C1F3C1F3C1F3C74
:10ABA0001F3C1F3C1F3C1F3C1F3C1F3C0000000083
:10ABB0000000000000000000000000000000000095
:10ABC0000000F007FC1F3E3E1F3C1F7C0F780F78F3
:10ABD0000F780F780F781F7C1F3C3E3EFC1FF0075C
:10ABE0000000000000000000000000000000000065
:10ABF000000000000000F83DFE3F3E3F1F3E0F3CBE
:10AC00000F3C0F3C0F3C0F3C0F3C1F3C1E3E3E3F99
:10AC1000FC3FF83F003C003C003C003C003C000096
:10AC200000000000000000000000EE07FE1F7E3E56
:10AC30001E3C1E7C1E781E781E781E781E781E7C98
:10AC40003E7C7E3EFE1FDE0F1E001E001E001E000C
:10AC50001E000000000000000000000000007F1F38
:10AC6000FF1FE71FC71F871F001F001F001F001FB8
:10AC7000001F001F001F001F001F001F000000001A
:10AC800000000000000000000000000000000000C4
:10AC90000000FC07FE1F0E1E003E003E003FE01FAE
:10ACA000FC07FE003E001E001E003E3CFC3FF01F65
:10ACB0000000000000000000000000000000000094
:10ACC000800780078007FF7FFF7F8007800780075E
:10ACD0008007800780078007800780078007C007FC
:10ACE000FF03FF0100000000000000000000000062
:10ACF000000000000000000000001E3C1E3C1E3C46
:10AD00001E3C1E3C1E3C1E3C1E3C1E3C1E3C3E3C53
:10AD10007E3CFE3EFE1FDE0F000000000000000033
:10AD2000000000000000000000000000000007F02C
:10AD30000F780F781E3C1E3C1E3E3C1E3C1E780FBA
:10AD4000780FF00FF007F007E003E00300000000C9
:10AD500000000000000000000000000000000000F3
:10AD6000000003F0E3F1E3F3E7F3F7F3F7F3F77F22
:10AD7000777F7F7F7F7F7F7F3E3E3E3E3E3E3E3EF3
:10AD800000000000000000000000000000000000C3
:10AD90000000000000000F7C1E3E3C3E3C1FF80FF0
:10ADA000F007F007E003F007F807F80F7C1E3E3EBF
:10ADB0001F3C1F78000000000000000000000000A1
:10ADC0000000000000000000000007F80F780F7C72
:10ADD0001E3C1E3C3C1E3C1E3C1F780FF80FF0072B
:10ADE000F007E003E003C003C003C0038007800F47
:10ADF000007F000000000000000000000000FF3F96
:10AE0000FF3F1F003E007C00F800F001E003C00798
:10AE1000800F001F001E003CFF7FFF7F000000002E
:10AE2000000000000000FE01E003C003C003C003F7
:10AE3000C003E001E001E001C001C003803F803FAA
:10AE4000C003C001E001E001E001C003C003C00392
:10AE5000C003E003FE017E000000C001C001C0018C
:10AE6000C001C001C001C001C001C001C001C001DA
:10AE7000C001C001C001C001C001C001C001C001CA
:10AE8000C001C001C001C001C001C0010000C03F3D
:10AE9000E003E001E001E001E001C001C003C00304
:10AEA000C001E001FE00FE00E001C001C003C003DC
:10AEB000C001E001E001E001E001E003C03F003F2C
:10AEC0000000000000000000000000000000000082
:10AED0000000000000000000073FC77FE773FFF19C
:10AEE0007EF00000000000000000000000000000F4
:10AEF000000000000000D0900000000014B0000826
:10AF000014B0000814B0000801020203040506078B
:10AF100008090A0B0C0D0E0F1010010202030405A4
:10AF2000060708090A0B0C0D0E0F10100000000098
:10AF300000000000010203040607080900000000E9
:10AF40000102030430313233343536373839414267
:10AF5000434445464030580030313233343536377B
:10AF60003839616263646566403078000400000827
:10AF700000000000000000020001000010000000BE
:10AF800002400000000000A000000000054000009A
:10AF9000000000C8000000000C4000000000409CC1
:10AFA00000000000194000000020BCBE00000000AE
:10AFB00034400000BFC91B8E00000004B5400000F3
:10AFC000504BCFD06607E2CF010000006C4100007B
:10AFD0003E8251AADFEEA73401000000D9420000F2
:10AFE000DCB5A0E23A301F97FFFFFFFFB445000039
:10AFF000FD25A0C8E9A3C14FFFFFFFFFFF3F0000F1
:10B000000000008000000000FF3F00000000008002
:10B010000000000020200000CEC1C6C0D0CAC00081
:10B02000CACECFD7C5CDCDDF00000000C2C0D0DB77
:10B03000CDCDDF00D1D3D8DBCDCDDF00D2C0C9CCA0
:10B040002E4F464600000000D2C0C9CC2E4F4E0005
:10B050007420C4C8CCC000007420CFD0CEC4D3CAE2
:10B06000D2C00000DBCDD8C5000000007420CAC0EB
:10B07000CCC5D0C800000000D8C2C8C4CADBD1D239
:10B08000DC000000D2D0C8C2C0CBDBD1D2DC0000D3
:10B09000CED5CECBCEC4C62E000000004469666675
:10B0A00000000000496E74656700000050726F7008
:10B0B00000000000C3DBD1D2C5D0C5C7000000002E
:10B0C000CFD0CEC4D3C2C0CDCDDF0000C0C2C0D06F
:10B0D000DBDF0000C2CECBCEC3C00000CAEB2EC463
:10B0E000C8CCC000CDC0C3D0DBC20000CFDBC400E1
:10B0F000CAEB2EC2CEC4C800C5CBC5CAD2D0CE00C2
:10B10000D2C0C9CCC5D0000044B100080000002066
:10B11000EC0000002801000830B20008EC0000201C
:10B12000940C0000440100081C00000043000000D3
:10B13000F8FFFFFF0C0000000E0000000F000000F1
:10B140002E000000000000000000000000000000D1
:10B150000B1200004E850008101A0000AA9B000880
:10B16000000000000000000034B0000818B0000823
:10B170002CB0000820B000086CB0000858B00008DF
:10B1800050B0000884B0000878B0000848B000084B
:10B190003CB0000864B00008C0B00008CCB00008A3
:10B1A000B4B0000890B00008ACB00008A4B000082B
:10B1B0009CB00008ECB00008E4B0000800B1000842
:10B1C000D4B00008F8B00008DCB00008F0B0000807
:10B1D00000000000000000000000000000002C0142
:10B1E000000000000000000000000000000000005F
:10B1F000000000000000000000000000000000004F
:10B2000000000000FFFFFFFFFFFFFFFF0000000046
:10B21000000000000000000000000000000000002E
:10B2200001000000100000000000000000127A0081
:04000005080000ED02
:00000001FF
